-- phpMyAdmin SQL Dump
-- version 4.9.1
-- https://www.phpmyadmin.net/
--
-- Anamakine: localhost
-- Üretim Zamanı: 25 Tem 2022, 14:14:49
-- Sunucu sürümü: 8.0.17
-- PHP Sürümü: 7.3.10

SET SQL_MODE = "NO_AUTO_VALUE_ON_ZERO";
SET AUTOCOMMIT = 0;
START TRANSACTION;
SET time_zone = "+00:00";


/*!40101 SET @OLD_CHARACTER_SET_CLIENT=@@CHARACTER_SET_CLIENT */;
/*!40101 SET @OLD_CHARACTER_SET_RESULTS=@@CHARACTER_SET_RESULTS */;
/*!40101 SET @OLD_COLLATION_CONNECTION=@@COLLATION_CONNECTION */;
/*!40101 SET NAMES utf8mb4 */;

--
-- Veritabanı: `eticaret_giyim`
--

-- --------------------------------------------------------

--
-- Tablo için tablo yapısı `age`
--

CREATE TABLE `age` (
  `AgeId` int(11) NOT NULL,
  `Name` varchar(40) NOT NULL
) ENGINE=InnoDB DEFAULT CHARSET=utf8;

--
-- Tablo döküm verisi `age`
--

INSERT INTO `age` (`AgeId`, `Name`) VALUES
(8, 'Çocuk'),
(9, 'Genç'),
(10, 'Yetişkin'),
(11, 'Yaşlı');

-- --------------------------------------------------------

--
-- Tablo için tablo yapısı `cart`
--

CREATE TABLE `cart` (
  `Id` int(10) UNSIGNED NOT NULL,
  `UserId` int(10) UNSIGNED NOT NULL
) ENGINE=InnoDB DEFAULT CHARSET=utf8;

-- --------------------------------------------------------

--
-- Tablo için tablo yapısı `cart_items`
--

CREATE TABLE `cart_items` (
  `Id` int(10) UNSIGNED NOT NULL,
  `CartId` int(10) UNSIGNED NOT NULL,
  `ProductId` int(10) UNSIGNED NOT NULL,
  `Quantity` int(10) UNSIGNED NOT NULL
) ENGINE=InnoDB DEFAULT CHARSET=utf8;

-- --------------------------------------------------------

--
-- Tablo için tablo yapısı `category`
--

CREATE TABLE `category` (
  `CategoryId` int(10) UNSIGNED NOT NULL,
  `Name` varchar(40) NOT NULL,
  `Url` varchar(100) NOT NULL,
  `Details` json NOT NULL,
  `Size` json NOT NULL
) ENGINE=InnoDB DEFAULT CHARSET=utf8;

--
-- Tablo döküm verisi `category`
--

INSERT INTO `category` (`CategoryId`, `Name`, `Url`, `Details`, `Size`) VALUES
(18, 'Ayakkabı', 'ayakkabi', '[\"Desen\", \"Burun\", \"Malzeme\"]', '[\"25\", \"26\", \"27\", \"28\", \"29\", \"30\", \"31\", \"32\", \"33\", \"34\", \"35\"]'),
(19, 'T-shirt', 't-shirt', '[\"Ana Kumaş\", \"Desen\", \"Kalıp\", \"Kalınlık\", \"Kol Boyu\", \"Ürün Tip\", \"Yaka\", \"Malzeme\"]', '[\"XS\", \"S\", \"M\", \"L\", \"XL\", \"XXL\", \"XXXL\"]'),
(20, 'Pantolon', 'pantolon', '[\"Paça boyu\", \"Malzeme\"]', '[\"28-29\", \"28-30\", \"28-31\", \"28-32\"]');

-- --------------------------------------------------------

--
-- Tablo için tablo yapısı `product`
--

CREATE TABLE `product` (
  `ProductId` int(10) UNSIGNED NOT NULL,
  `Cover` varchar(100) NOT NULL,
  `Name` varchar(60) NOT NULL,
  `Url` varchar(100) NOT NULL,
  `Details` json NOT NULL,
  `Size` json NOT NULL,
  `Colors` json NOT NULL,
  `Images` json NOT NULL,
  `Price` float UNSIGNED NOT NULL,
  `Discount` int(10) UNSIGNED NOT NULL DEFAULT '0',
  `Stock` int(10) UNSIGNED NOT NULL,
  `Gender` enum('M','F') NOT NULL,
  `SeasonId` int(10) UNSIGNED NOT NULL,
  `AgeId` int(10) UNSIGNED NOT NULL,
  `CategoryId` int(10) UNSIGNED NOT NULL,
  `StyleId` int(10) UNSIGNED NOT NULL
) ENGINE=InnoDB DEFAULT CHARSET=utf8;

--
-- Tablo döküm verisi `product`
--

INSERT INTO `product` (`ProductId`, `Cover`, `Name`, `Url`, `Details`, `Size`, `Colors`, `Images`, `Price`, `Discount`, `Stock`, `Gender`, `SeasonId`, `AgeId`, `CategoryId`, `StyleId`) VALUES
(1, 'cover-spor-ayakkabi-62b1fbbebb018.webp', 'Bağcıklı Kadın Aktif Spor Ayakkabı', 'bagcikli-kadin-aktif-spor-ayakkabi', '[\"\", \"\", \"\"]', '[\"0\", \"0\", \"0\", \"0\", \"0\", \"5\", \"5\", \"10\", \"10\", \"15\", \"15\"]', '[\"Beyaz\"]', '[[\"spor-ayakkabi-siyah-62b1fbbebc63b.webp\", \"spor-ayakkabi-siyah-62b1fbbebc82a.webp\", \"spor-ayakkabi-siyah-62b1fbbebca68.webp\", \"spor-ayakkabi-siyah-62b1fbbebcca3.webp\", \"spor-ayakkabi-siyah-62b1fbbebce27.webp\"]]', 249, 0, 60, 'F', 1, 9, 18, 2),
(2, 'cover-bagcikli-erkek-aktif-spor-ayakkabi-62ae42f8d2d40.webp', 'Bağcıklı Erkek Aktif Spor Ayakkabı', 'bagcikli-erkek-aktif-spor-ayakkabi', '[\"Düz\", \"Yuvarlak\", \"Kumaş\"]', '[\"0\", \"1\", \"27\", \"28\", \"29\", \"30\", \"31\", \"32\", \"33\", \"34\", \"35\"]', '[\"Siyah\", \"Beyaz\"]', '[[\"bagcikli-erkek-aktif-spor-ayakkabi-siyah-62c964e3b9c4a.webp\", \"bagcikli-erkek-aktif-spor-ayakkabi-siyah-62c964e3b9f10.webp\", \"bagcikli-erkek-aktif-spor-ayakkabi-siyah-62c964e3ba1b5.webp\", \"bagcikli-erkek-aktif-spor-ayakkabi-siyah-62c964e3ba392.webp\", \"bagcikli-erkek-aktif-spor-ayakkabi-siyah-62c964e3ba5cc.webp\"], [\"bagcikli-erkek-aktif-spor-ayakkabi-beyaz-62aefc4fd1337.webp\", \"bagcikli-erkek-aktif-spor-ayakkabi-beyaz-62aefc4fd15b1.webp\", \"bagcikli-erkek-aktif-spor-ayakkabi-beyaz-62aefc4fd17bf.webp\", \"bagcikli-erkek-aktif-spor-ayakkabi-beyaz-62aefc4fd19be.webp\", \"bagcikli-erkek-aktif-spor-ayakkabi-beyaz-62aefc4fd1b92.webp\"]]', 249, 0, 280, 'M', 1, 10, 18, 2),
(3, 'cover-bagcikli-aktif-spor-ayakkabi-62b1fe3f1d6ff.webp', 'Bağcıklı Aktif Spor Ayakkabı', 'bagcikli-aktif-spor-ayakkabi', '[\"\", \"\", \"\"]', '[\"0\", \"0\", \"0\", \"0\", \"0\", \"0\", \"0\", \"0\", \"150\", \"100\", \"100\"]', '[\"Beyaz\", \"Siyah\"]', '[[\"bagcikli-aktif-spor-ayakkabi-beyaz-62b1fe3f1d9d8.webp\", \"bagcikli-aktif-spor-ayakkabi-beyaz-62b1fe3f1dbbf.webp\", \"bagcikli-aktif-spor-ayakkabi-beyaz-62b1fe3f1dd2a.webp\", \"bagcikli-aktif-spor-ayakkabi-beyaz-62b1fe3f1de74.webp\", \"bagcikli-aktif-spor-ayakkabi-beyaz-62b1fe3f1e051.webp\"], [\"bagcikli-aktif-spor-ayakkabi-siyah-62b1fe3f1e39a.webp\", \"bagcikli-aktif-spor-ayakkabi-siyah-62b1fe3f1e5b5.webp\", \"bagcikli-aktif-spor-ayakkabi-siyah-62b1fe3f1e6df.webp\", \"bagcikli-aktif-spor-ayakkabi-siyah-62b1fe3f1e81d.webp\", \"bagcikli-aktif-spor-ayakkabi-siyah-62b1fe3f1e92e.webp\"]]', 259, 0, 350, 'M', 1, 9, 18, 2),
(4, 'cover-62b1fe7bad3ef.webp', 'Baskılı Bağcıklı Erkek Spor Ayakkabı', 'baskili-bagcikli-erkek-spor-ayakkabi', '[\"\", \"\", \"\"]', '[\"0\", \"0\", \"0\", \"0\", \"0\", \"5\", \"5\", \"55\", \"5\", \"5\", \"5\"]', '[\"Beyaz\", \"Siyah\"]', '[[\"product-62b1fe7bad6b9.webp\", \"product-62b1fe7bad866.webp\", \"product-62b1fe7bad9d2.webp\", \"product-62b1fe7badbc3.webp\"], [\"product-62b1fe7badda2.webp\", \"product-62b1fe7badf3e.webp\", \"product-62b1fe7bae0c1.webp\", \"product-62b1fe7bae254.webp\"]]', 275, 0, 80, 'M', 1, 10, 18, 2),
(5, 'cover-62b1feb52de2c.webp', 'Erkek Espadril Ayakkabı', 'erkek-espadril-ayakkabi', '[\"\", \"\", \"\"]', '[\"5\", \"5\", \"5\", \"5\", \"5\", \"5\", \"5\", \"5\", \"5\", \"5\", \"5\"]', '[\"Haki\", \"Gri\"]', '[[\"product-62b1feb52e0c6.webp\", \"product-62b1feb52e2a0.webp\", \"product-62b1feb52e440.webp\", \"product-62b1feb530bb0.webp\", \"product-62b1feb530de5.webp\"], [\"product-62b1feb530fa9.webp\", \"product-62b1feb5311e8.webp\", \"product-62b1feb5313ac.webp\", \"product-62b1feb531552.webp\", \"product-62b1feb5316e3.webp\"]]', 249, 0, 55, 'M', 1, 10, 18, 3),
(6, 'cover-placeholder.jpg', 'urun-ayakkabi-0', 'url-ayakkabi-0', '[\"\", \"\", \"\"]', '[\"56\", \"21\", \"52\", \"9\", \"50\", \"11\", \"125\", \"3\", \"38\", \"52\", \"52\"]', '[\"Beyaz\", \"Siyah\", \"Lacivert\", \"Gri\"]', '[[\"image-placeholder.jpg\", \"image-placeholder.jpg\", \"image-placeholder.jpg\", \"image-placeholder.jpg\", \"image-placeholder.jpg\"], [\"image-placeholder.jpg\", \"image-placeholder.jpg\", \"image-placeholder.jpg\", \"image-placeholder.jpg\", \"image-placeholder.jpg\"], [\"image-placeholder.jpg\", \"image-placeholder.jpg\", \"image-placeholder.jpg\", \"image-placeholder.jpg\", \"image-placeholder.jpg\"], [\"image-placeholder.jpg\", \"image-placeholder.jpg\", \"image-placeholder.jpg\", \"image-placeholder.jpg\", \"image-placeholder.jpg\"]]', 336, 0, 469, 'M', 2, 11, 18, 2),
(7, 'cover-placeholder.jpg', 'urun-ayakkabi-1', 'url-ayakkabi-1', '[\"\", \"\", \"\"]', '[\"65\", \"35\", \"42\", \"14\", \"135\", \"2\", \"65\", \"36\", \"145\", \"65\", \"27\"]', '[\"Beyaz\", \"Siyah\"]', '[[\"image-placeholder.jpg\", \"image-placeholder.jpg\", \"image-placeholder.jpg\", \"image-placeholder.jpg\", \"image-placeholder.jpg\"], [\"image-placeholder.jpg\", \"image-placeholder.jpg\", \"image-placeholder.jpg\", \"image-placeholder.jpg\", \"image-placeholder.jpg\"]]', 260, 0, 631, 'M', 4, 9, 18, 2),
(8, 'cover-placeholder.jpg', 'urun-ayakkabi-2', 'url-ayakkabi-2', '[\"\", \"\", \"\"]', '[\"139\", \"24\", \"81\", \"28\", \"3\", \"52\", \"88\", \"31\", \"77\", \"58\", \"56\"]', '[\"Beyaz\", \"Siyah\", \"Lacivert\", \"Gri\", \"Haki\"]', '[[\"image-placeholder.jpg\", \"image-placeholder.jpg\", \"image-placeholder.jpg\", \"image-placeholder.jpg\", \"image-placeholder.jpg\"], [\"image-placeholder.jpg\", \"image-placeholder.jpg\", \"image-placeholder.jpg\", \"image-placeholder.jpg\", \"image-placeholder.jpg\"], [\"image-placeholder.jpg\", \"image-placeholder.jpg\", \"image-placeholder.jpg\", \"image-placeholder.jpg\", \"image-placeholder.jpg\"], [\"image-placeholder.jpg\", \"image-placeholder.jpg\", \"image-placeholder.jpg\", \"image-placeholder.jpg\", \"image-placeholder.jpg\"], [\"image-placeholder.jpg\", \"image-placeholder.jpg\", \"image-placeholder.jpg\", \"image-placeholder.jpg\", \"image-placeholder.jpg\"]]', 341, 0, 637, 'F', 3, 9, 18, 1),
(9, 'cover-placeholder.jpg', 'urun-ayakkabi-3', 'url-ayakkabi-3', '[\"\", \"\", \"\"]', '[\"99\", \"46\", \"18\", \"139\", \"135\", \"100\", \"131\", \"75\", \"68\", \"120\", \"26\"]', '[\"Beyaz\", \"Siyah\", \"Lacivert\", \"Gri\", \"Haki\"]', '[[\"image-placeholder.jpg\", \"image-placeholder.jpg\", \"image-placeholder.jpg\", \"image-placeholder.jpg\", \"image-placeholder.jpg\"], [\"image-placeholder.jpg\", \"image-placeholder.jpg\", \"image-placeholder.jpg\", \"image-placeholder.jpg\", \"image-placeholder.jpg\"], [\"image-placeholder.jpg\", \"image-placeholder.jpg\", \"image-placeholder.jpg\", \"image-placeholder.jpg\", \"image-placeholder.jpg\"], [\"image-placeholder.jpg\", \"image-placeholder.jpg\", \"image-placeholder.jpg\", \"image-placeholder.jpg\", \"image-placeholder.jpg\"], [\"image-placeholder.jpg\", \"image-placeholder.jpg\", \"image-placeholder.jpg\", \"image-placeholder.jpg\", \"image-placeholder.jpg\"]]', 176, 0, 957, 'M', 4, 9, 18, 1),
(10, 'cover-placeholder.jpg', 'urun-ayakkabi-4', 'url-ayakkabi-4', '[\"\", \"\", \"\"]', '[\"120\", \"24\", \"72\", \"135\", \"70\", \"57\", \"87\", \"74\", \"95\", \"144\", \"119\"]', '[\"Beyaz\"]', '[[\"image-placeholder.jpg\", \"image-placeholder.jpg\", \"image-placeholder.jpg\", \"image-placeholder.jpg\", \"image-placeholder.jpg\"]]', 389, 0, 997, 'F', 4, 10, 18, 3),
(11, 'cover-placeholder.jpg', 'urun-ayakkabi-5', 'url-ayakkabi-5', '[\"\", \"\", \"\"]', '[\"104\", \"77\", \"103\", \"9\", \"70\", \"20\", \"147\", \"106\", \"91\", \"14\", \"133\"]', '[\"Beyaz\", \"Siyah\", \"Lacivert\", \"Gri\"]', '[[\"image-placeholder.jpg\", \"image-placeholder.jpg\", \"image-placeholder.jpg\", \"image-placeholder.jpg\", \"image-placeholder.jpg\"], [\"image-placeholder.jpg\", \"image-placeholder.jpg\", \"image-placeholder.jpg\", \"image-placeholder.jpg\", \"image-placeholder.jpg\"], [\"image-placeholder.jpg\", \"image-placeholder.jpg\", \"image-placeholder.jpg\", \"image-placeholder.jpg\", \"image-placeholder.jpg\"], [\"image-placeholder.jpg\", \"image-placeholder.jpg\", \"image-placeholder.jpg\", \"image-placeholder.jpg\", \"image-placeholder.jpg\"]]', 274, 0, 874, 'F', 1, 9, 18, 2),
(12, 'cover-placeholder.jpg', 'urun-ayakkabi-6', 'url-ayakkabi-6', '[\"\", \"\", \"\"]', '[\"67\", \"93\", \"143\", \"50\", \"97\", \"7\", \"17\", \"3\", \"37\", \"23\", \"119\"]', '[\"Beyaz\", \"Siyah\", \"Lacivert\", \"Gri\", \"Haki\"]', '[[\"image-placeholder.jpg\", \"image-placeholder.jpg\", \"image-placeholder.jpg\", \"image-placeholder.jpg\", \"image-placeholder.jpg\"], [\"image-placeholder.jpg\", \"image-placeholder.jpg\", \"image-placeholder.jpg\", \"image-placeholder.jpg\", \"image-placeholder.jpg\"], [\"image-placeholder.jpg\", \"image-placeholder.jpg\", \"image-placeholder.jpg\", \"image-placeholder.jpg\", \"image-placeholder.jpg\"], [\"image-placeholder.jpg\", \"image-placeholder.jpg\", \"image-placeholder.jpg\", \"image-placeholder.jpg\", \"image-placeholder.jpg\"], [\"image-placeholder.jpg\", \"image-placeholder.jpg\", \"image-placeholder.jpg\", \"image-placeholder.jpg\", \"image-placeholder.jpg\"]]', 344, 0, 656, 'F', 2, 9, 18, 2),
(13, 'cover-placeholder.jpg', 'urun-ayakkabi-7', 'url-ayakkabi-7', '[\"\", \"\", \"\"]', '[\"111\", \"113\", \"89\", \"104\", \"39\", \"133\", \"134\", \"51\", \"11\", \"20\", \"114\"]', '[\"Beyaz\", \"Siyah\", \"Lacivert\", \"Gri\", \"Haki\"]', '[[\"image-placeholder.jpg\", \"image-placeholder.jpg\", \"image-placeholder.jpg\", \"image-placeholder.jpg\", \"image-placeholder.jpg\"], [\"image-placeholder.jpg\", \"image-placeholder.jpg\", \"image-placeholder.jpg\", \"image-placeholder.jpg\", \"image-placeholder.jpg\"], [\"image-placeholder.jpg\", \"image-placeholder.jpg\", \"image-placeholder.jpg\", \"image-placeholder.jpg\", \"image-placeholder.jpg\"], [\"image-placeholder.jpg\", \"image-placeholder.jpg\", \"image-placeholder.jpg\", \"image-placeholder.jpg\", \"image-placeholder.jpg\"], [\"image-placeholder.jpg\", \"image-placeholder.jpg\", \"image-placeholder.jpg\", \"image-placeholder.jpg\", \"image-placeholder.jpg\"]]', 203, 0, 919, 'F', 1, 11, 18, 2),
(14, 'cover-placeholder.jpg', 'urun-ayakkabi-8', 'url-ayakkabi-8', '[\"\", \"\", \"\"]', '[\"80\", \"77\", \"9\", \"115\", \"33\", \"119\", \"63\", \"28\", \"87\", \"9\", \"106\"]', '[\"Beyaz\"]', '[[\"image-placeholder.jpg\", \"image-placeholder.jpg\", \"image-placeholder.jpg\", \"image-placeholder.jpg\", \"image-placeholder.jpg\"]]', 338, 0, 726, 'F', 1, 9, 18, 3),
(15, 'cover-placeholder.jpg', 'urun-ayakkabi-9', 'url-ayakkabi-9', '[\"\", \"\", \"\"]', '[\"5\", \"124\", \"103\", \"75\", \"43\", \"77\", \"4\", \"134\", \"65\", \"24\", \"147\"]', '[\"Beyaz\"]', '[[\"image-placeholder.jpg\", \"image-placeholder.jpg\", \"image-placeholder.jpg\", \"image-placeholder.jpg\", \"image-placeholder.jpg\"]]', 183, 0, 801, 'F', 3, 9, 18, 1),
(16, 'cover-placeholder.jpg', 'urun-ayakkabi-10', 'url-ayakkabi-10', '[\"\", \"\", \"\"]', '[\"1\", \"99\", \"89\", \"92\", \"23\", \"126\", \"108\", \"21\", \"64\", \"36\", \"115\"]', '[\"Beyaz\", \"Siyah\"]', '[[\"image-placeholder.jpg\", \"image-placeholder.jpg\", \"image-placeholder.jpg\", \"image-placeholder.jpg\", \"image-placeholder.jpg\"], [\"image-placeholder.jpg\", \"image-placeholder.jpg\", \"image-placeholder.jpg\", \"image-placeholder.jpg\", \"image-placeholder.jpg\"]]', 243, 0, 774, 'F', 3, 10, 18, 3),
(17, 'cover-placeholder.jpg', 'urun-ayakkabi-11', 'url-ayakkabi-11', '[\"\", \"\", \"\"]', '[\"61\", \"48\", \"133\", \"49\", \"128\", \"145\", \"3\", \"137\", \"130\", \"67\", \"24\"]', '[\"Beyaz\"]', '[[\"image-placeholder.jpg\", \"image-placeholder.jpg\", \"image-placeholder.jpg\", \"image-placeholder.jpg\", \"image-placeholder.jpg\"]]', 222, 0, 925, 'M', 2, 8, 18, 3),
(18, 'cover-placeholder.jpg', 'urun-ayakkabi-12', 'url-ayakkabi-12', '[\"\", \"\", \"\"]', '[\"68\", \"10\", \"63\", \"117\", \"93\", \"23\", \"37\", \"65\", \"0\", \"37\", \"128\"]', '[\"Beyaz\", \"Siyah\"]', '[[\"image-placeholder.jpg\", \"image-placeholder.jpg\", \"image-placeholder.jpg\", \"image-placeholder.jpg\", \"image-placeholder.jpg\"], [\"image-placeholder.jpg\", \"image-placeholder.jpg\", \"image-placeholder.jpg\", \"image-placeholder.jpg\", \"image-placeholder.jpg\"]]', 255, 0, 641, 'M', 3, 10, 18, 2),
(19, 'cover-placeholder.jpg', 'urun-ayakkabi-13', 'url-ayakkabi-13', '[\"\", \"\", \"\"]', '[\"98\", \"35\", \"94\", \"105\", \"46\", \"90\", \"112\", \"115\", \"76\", \"49\", \"36\"]', '[\"Beyaz\", \"Siyah\", \"Lacivert\"]', '[[\"image-placeholder.jpg\", \"image-placeholder.jpg\", \"image-placeholder.jpg\", \"image-placeholder.jpg\", \"image-placeholder.jpg\"], [\"image-placeholder.jpg\", \"image-placeholder.jpg\", \"image-placeholder.jpg\", \"image-placeholder.jpg\", \"image-placeholder.jpg\"], [\"image-placeholder.jpg\", \"image-placeholder.jpg\", \"image-placeholder.jpg\", \"image-placeholder.jpg\", \"image-placeholder.jpg\"]]', 270, 0, 856, 'M', 3, 10, 18, 2),
(20, 'cover-placeholder.jpg', 'urun-ayakkabi-14', 'url-ayakkabi-14', '[\"\", \"\", \"\"]', '[\"34\", \"91\", \"54\", \"13\", \"1\", \"146\", \"77\", \"20\", \"134\", \"93\", \"106\"]', '[\"Beyaz\", \"Siyah\", \"Lacivert\", \"Gri\", \"Haki\"]', '[[\"image-placeholder.jpg\", \"image-placeholder.jpg\", \"image-placeholder.jpg\", \"image-placeholder.jpg\", \"image-placeholder.jpg\"], [\"image-placeholder.jpg\", \"image-placeholder.jpg\", \"image-placeholder.jpg\", \"image-placeholder.jpg\", \"image-placeholder.jpg\"], [\"image-placeholder.jpg\", \"image-placeholder.jpg\", \"image-placeholder.jpg\", \"image-placeholder.jpg\", \"image-placeholder.jpg\"], [\"image-placeholder.jpg\", \"image-placeholder.jpg\", \"image-placeholder.jpg\", \"image-placeholder.jpg\", \"image-placeholder.jpg\"], [\"image-placeholder.jpg\", \"image-placeholder.jpg\", \"image-placeholder.jpg\", \"image-placeholder.jpg\", \"image-placeholder.jpg\"]]', 353, 0, 769, 'F', 3, 8, 18, 2),
(21, 'cover-placeholder.jpg', 'urun-ayakkabi-15', 'url-ayakkabi-15', '[\"\", \"\", \"\"]', '[\"90\", \"25\", \"49\", \"76\", \"59\", \"27\", \"32\", \"96\", \"41\", \"77\", \"132\"]', '[\"Beyaz\", \"Siyah\", \"Lacivert\"]', '[[\"image-placeholder.jpg\", \"image-placeholder.jpg\", \"image-placeholder.jpg\", \"image-placeholder.jpg\", \"image-placeholder.jpg\"], [\"image-placeholder.jpg\", \"image-placeholder.jpg\", \"image-placeholder.jpg\", \"image-placeholder.jpg\", \"image-placeholder.jpg\"], [\"image-placeholder.jpg\", \"image-placeholder.jpg\", \"image-placeholder.jpg\", \"image-placeholder.jpg\", \"image-placeholder.jpg\"]]', 316, 0, 704, 'F', 1, 8, 18, 3),
(22, 'cover-placeholder.jpg', 'urun-ayakkabi-16', 'url-ayakkabi-16', '[\"\", \"\", \"\"]', '[\"47\", \"49\", \"129\", \"97\", \"147\", \"119\", \"109\", \"72\", \"146\", \"78\", \"0\"]', '[\"Beyaz\", \"Siyah\", \"Lacivert\"]', '[[\"image-placeholder.jpg\", \"image-placeholder.jpg\", \"image-placeholder.jpg\", \"image-placeholder.jpg\", \"image-placeholder.jpg\"], [\"image-placeholder.jpg\", \"image-placeholder.jpg\", \"image-placeholder.jpg\", \"image-placeholder.jpg\", \"image-placeholder.jpg\"], [\"image-placeholder.jpg\", \"image-placeholder.jpg\", \"image-placeholder.jpg\", \"image-placeholder.jpg\", \"image-placeholder.jpg\"]]', 240, 0, 993, 'F', 4, 10, 18, 2),
(23, 'cover-placeholder.jpg', 'urun-ayakkabi-17', 'url-ayakkabi-17', '[\"\", \"\", \"\"]', '[\"33\", \"23\", \"50\", \"21\", \"143\", \"108\", \"93\", \"111\", \"71\", \"44\", \"9\"]', '[\"Beyaz\", \"Siyah\", \"Lacivert\", \"Gri\", \"Haki\"]', '[[\"image-placeholder.jpg\", \"image-placeholder.jpg\", \"image-placeholder.jpg\", \"image-placeholder.jpg\", \"image-placeholder.jpg\"], [\"image-placeholder.jpg\", \"image-placeholder.jpg\", \"image-placeholder.jpg\", \"image-placeholder.jpg\", \"image-placeholder.jpg\"], [\"image-placeholder.jpg\", \"image-placeholder.jpg\", \"image-placeholder.jpg\", \"image-placeholder.jpg\", \"image-placeholder.jpg\"], [\"image-placeholder.jpg\", \"image-placeholder.jpg\", \"image-placeholder.jpg\", \"image-placeholder.jpg\", \"image-placeholder.jpg\"], [\"image-placeholder.jpg\", \"image-placeholder.jpg\", \"image-placeholder.jpg\", \"image-placeholder.jpg\", \"image-placeholder.jpg\"]]', 394, 0, 706, 'F', 2, 11, 18, 2),
(24, 'cover-placeholder.jpg', 'urun-ayakkabi-18', 'url-ayakkabi-18', '[\"\", \"\", \"\"]', '[\"135\", \"108\", \"118\", \"38\", \"119\", \"110\", \"45\", \"64\", \"88\", \"4\", \"38\"]', '[\"Beyaz\", \"Siyah\", \"Lacivert\"]', '[[\"image-placeholder.jpg\", \"image-placeholder.jpg\", \"image-placeholder.jpg\", \"image-placeholder.jpg\", \"image-placeholder.jpg\"], [\"image-placeholder.jpg\", \"image-placeholder.jpg\", \"image-placeholder.jpg\", \"image-placeholder.jpg\", \"image-placeholder.jpg\"], [\"image-placeholder.jpg\", \"image-placeholder.jpg\", \"image-placeholder.jpg\", \"image-placeholder.jpg\", \"image-placeholder.jpg\"]]', 298, 0, 867, 'M', 4, 9, 18, 1),
(25, 'cover-placeholder.jpg', 'urun-ayakkabi-19', 'url-ayakkabi-19', '[\"\", \"\", \"\"]', '[\"87\", \"44\", \"54\", \"147\", \"119\", \"121\", \"46\", \"131\", \"54\", \"128\", \"18\"]', '[\"Beyaz\", \"Siyah\", \"Lacivert\"]', '[[\"image-placeholder.jpg\", \"image-placeholder.jpg\", \"image-placeholder.jpg\", \"image-placeholder.jpg\", \"image-placeholder.jpg\"], [\"image-placeholder.jpg\", \"image-placeholder.jpg\", \"image-placeholder.jpg\", \"image-placeholder.jpg\", \"image-placeholder.jpg\"], [\"image-placeholder.jpg\", \"image-placeholder.jpg\", \"image-placeholder.jpg\", \"image-placeholder.jpg\", \"image-placeholder.jpg\"]]', 393, 0, 949, 'F', 2, 10, 18, 2),
(26, 'cover-placeholder.jpg', 'urun-ayakkabi-20', 'url-ayakkabi-20', '[\"\", \"\", \"\"]', '[\"51\", \"45\", \"127\", \"95\", \"78\", \"43\", \"67\", \"84\", \"33\", \"88\", \"150\"]', '[\"Beyaz\", \"Siyah\", \"Lacivert\", \"Gri\"]', '[[\"image-placeholder.jpg\", \"image-placeholder.jpg\", \"image-placeholder.jpg\", \"image-placeholder.jpg\", \"image-placeholder.jpg\"], [\"image-placeholder.jpg\", \"image-placeholder.jpg\", \"image-placeholder.jpg\", \"image-placeholder.jpg\", \"image-placeholder.jpg\"], [\"image-placeholder.jpg\", \"image-placeholder.jpg\", \"image-placeholder.jpg\", \"image-placeholder.jpg\", \"image-placeholder.jpg\"], [\"image-placeholder.jpg\", \"image-placeholder.jpg\", \"image-placeholder.jpg\", \"image-placeholder.jpg\", \"image-placeholder.jpg\"]]', 195, 0, 861, 'M', 1, 10, 18, 2),
(27, 'cover-placeholder.jpg', 'urun-ayakkabi-21', 'url-ayakkabi-21', '[\"\", \"\", \"\"]', '[\"25\", \"37\", \"88\", \"28\", \"31\", \"12\", \"73\", \"3\", \"94\", \"40\", \"83\"]', '[\"Beyaz\", \"Siyah\", \"Lacivert\", \"Gri\", \"Haki\"]', '[[\"image-placeholder.jpg\", \"image-placeholder.jpg\", \"image-placeholder.jpg\", \"image-placeholder.jpg\", \"image-placeholder.jpg\"], [\"image-placeholder.jpg\", \"image-placeholder.jpg\", \"image-placeholder.jpg\", \"image-placeholder.jpg\", \"image-placeholder.jpg\"], [\"image-placeholder.jpg\", \"image-placeholder.jpg\", \"image-placeholder.jpg\", \"image-placeholder.jpg\", \"image-placeholder.jpg\"], [\"image-placeholder.jpg\", \"image-placeholder.jpg\", \"image-placeholder.jpg\", \"image-placeholder.jpg\", \"image-placeholder.jpg\"], [\"image-placeholder.jpg\", \"image-placeholder.jpg\", \"image-placeholder.jpg\", \"image-placeholder.jpg\", \"image-placeholder.jpg\"]]', 247, 0, 514, 'M', 1, 11, 18, 1),
(28, 'cover-placeholder.jpg', 'urun-ayakkabi-22', 'url-ayakkabi-22', '[\"\", \"\", \"\"]', '[\"132\", \"60\", \"40\", \"30\", \"82\", \"121\", \"82\", \"128\", \"49\", \"50\", \"135\"]', '[\"Beyaz\"]', '[[\"image-placeholder.jpg\", \"image-placeholder.jpg\", \"image-placeholder.jpg\", \"image-placeholder.jpg\", \"image-placeholder.jpg\"]]', 162, 0, 909, 'M', 2, 9, 18, 3),
(29, 'cover-placeholder.jpg', 'urun-ayakkabi-23', 'url-ayakkabi-23', '[\"\", \"\", \"\"]', '[\"58\", \"30\", \"124\", \"17\", \"117\", \"84\", \"95\", \"144\", \"57\", \"14\", \"133\"]', '[\"Beyaz\"]', '[[\"image-placeholder.jpg\", \"image-placeholder.jpg\", \"image-placeholder.jpg\", \"image-placeholder.jpg\", \"image-placeholder.jpg\"]]', 320, 0, 873, 'M', 2, 11, 18, 3),
(30, 'cover-placeholder.jpg', 'urun-ayakkabi-24', 'url-ayakkabi-24', '[\"\", \"\", \"\"]', '[\"149\", \"78\", \"21\", \"5\", \"118\", \"10\", \"81\", \"53\", \"90\", \"39\", \"81\"]', '[\"Beyaz\", \"Siyah\", \"Lacivert\"]', '[[\"image-placeholder.jpg\", \"image-placeholder.jpg\", \"image-placeholder.jpg\", \"image-placeholder.jpg\", \"image-placeholder.jpg\"], [\"image-placeholder.jpg\", \"image-placeholder.jpg\", \"image-placeholder.jpg\", \"image-placeholder.jpg\", \"image-placeholder.jpg\"], [\"image-placeholder.jpg\", \"image-placeholder.jpg\", \"image-placeholder.jpg\", \"image-placeholder.jpg\", \"image-placeholder.jpg\"]]', 270, 0, 725, 'M', 4, 11, 18, 3),
(31, 'cover-placeholder.jpg', 'urun-ayakkabi-25', 'url-ayakkabi-25', '[\"\", \"\", \"\"]', '[\"27\", \"89\", \"51\", \"8\", \"63\", \"13\", \"21\", \"67\", \"108\", \"71\", \"125\"]', '[\"Beyaz\"]', '[[\"image-placeholder.jpg\", \"image-placeholder.jpg\", \"image-placeholder.jpg\", \"image-placeholder.jpg\", \"image-placeholder.jpg\"]]', 271, 0, 643, 'M', 1, 8, 18, 2),
(32, 'cover-placeholder.jpg', 'urun-ayakkabi-26', 'url-ayakkabi-26', '[\"\", \"\", \"\"]', '[\"29\", \"7\", \"20\", \"121\", \"53\", \"49\", \"33\", \"69\", \"95\", \"34\", \"17\"]', '[\"Beyaz\", \"Siyah\", \"Lacivert\"]', '[[\"image-placeholder.jpg\", \"image-placeholder.jpg\", \"image-placeholder.jpg\", \"image-placeholder.jpg\", \"image-placeholder.jpg\"], [\"image-placeholder.jpg\", \"image-placeholder.jpg\", \"image-placeholder.jpg\", \"image-placeholder.jpg\", \"image-placeholder.jpg\"], [\"image-placeholder.jpg\", \"image-placeholder.jpg\", \"image-placeholder.jpg\", \"image-placeholder.jpg\", \"image-placeholder.jpg\"]]', 249, 0, 527, 'M', 4, 8, 18, 3),
(33, 'cover-placeholder.jpg', 'urun-ayakkabi-27', 'url-ayakkabi-27', '[\"\", \"\", \"\"]', '[\"36\", \"82\", \"5\", \"113\", \"69\", \"68\", \"37\", \"88\", \"89\", \"96\", \"91\"]', '[\"Beyaz\"]', '[[\"image-placeholder.jpg\", \"image-placeholder.jpg\", \"image-placeholder.jpg\", \"image-placeholder.jpg\", \"image-placeholder.jpg\"]]', 284, 0, 774, 'F', 1, 9, 18, 2),
(34, 'cover-placeholder.jpg', 'urun-ayakkabi-28', 'url-ayakkabi-28', '[\"\", \"\", \"\"]', '[\"111\", \"76\", \"103\", \"1\", \"32\", \"81\", \"20\", \"7\", \"59\", \"56\", \"86\"]', '[\"Beyaz\", \"Siyah\"]', '[[\"image-placeholder.jpg\", \"image-placeholder.jpg\", \"image-placeholder.jpg\", \"image-placeholder.jpg\", \"image-placeholder.jpg\"], [\"image-placeholder.jpg\", \"image-placeholder.jpg\", \"image-placeholder.jpg\", \"image-placeholder.jpg\", \"image-placeholder.jpg\"]]', 197, 0, 632, 'M', 4, 9, 18, 1),
(35, 'cover-placeholder.jpg', 'urun-ayakkabi-29', 'url-ayakkabi-29', '[\"\", \"\", \"\"]', '[\"8\", \"52\", \"82\", \"23\", \"99\", \"59\", \"114\", \"89\", \"137\", \"69\", \"109\"]', '[\"Beyaz\", \"Siyah\"]', '[[\"image-placeholder.jpg\", \"image-placeholder.jpg\", \"image-placeholder.jpg\", \"image-placeholder.jpg\", \"image-placeholder.jpg\"], [\"image-placeholder.jpg\", \"image-placeholder.jpg\", \"image-placeholder.jpg\", \"image-placeholder.jpg\", \"image-placeholder.jpg\"]]', 176, 0, 841, 'M', 4, 9, 18, 3),
(36, 'cover-placeholder.jpg', 'urun-ayakkabi-30', 'url-ayakkabi-30', '[\"\", \"\", \"\"]', '[\"132\", \"128\", \"131\", \"75\", \"48\", \"147\", \"62\", \"35\", \"145\", \"26\", \"85\"]', '[\"Beyaz\", \"Siyah\"]', '[[\"image-placeholder.jpg\", \"image-placeholder.jpg\", \"image-placeholder.jpg\", \"image-placeholder.jpg\", \"image-placeholder.jpg\"], [\"image-placeholder.jpg\", \"image-placeholder.jpg\", \"image-placeholder.jpg\", \"image-placeholder.jpg\", \"image-placeholder.jpg\"]]', 327, 0, 1014, 'F', 1, 11, 18, 1),
(37, 'cover-placeholder.jpg', 'urun-ayakkabi-31', 'url-ayakkabi-31', '[\"\", \"\", \"\"]', '[\"52\", \"105\", \"116\", \"4\", \"20\", \"38\", \"12\", \"115\", \"3\", \"52\", \"53\"]', '[\"Beyaz\", \"Siyah\", \"Lacivert\"]', '[[\"image-placeholder.jpg\", \"image-placeholder.jpg\", \"image-placeholder.jpg\", \"image-placeholder.jpg\", \"image-placeholder.jpg\"], [\"image-placeholder.jpg\", \"image-placeholder.jpg\", \"image-placeholder.jpg\", \"image-placeholder.jpg\", \"image-placeholder.jpg\"], [\"image-placeholder.jpg\", \"image-placeholder.jpg\", \"image-placeholder.jpg\", \"image-placeholder.jpg\", \"image-placeholder.jpg\"]]', 389, 0, 570, 'M', 2, 9, 18, 1),
(38, 'cover-placeholder.jpg', 'urun-ayakkabi-32', 'url-ayakkabi-32', '[\"\", \"\", \"\"]', '[\"108\", \"64\", \"123\", \"81\", \"89\", \"1\", \"142\", \"127\", \"104\", \"36\", \"27\"]', '[\"Beyaz\", \"Siyah\"]', '[[\"image-placeholder.jpg\", \"image-placeholder.jpg\", \"image-placeholder.jpg\", \"image-placeholder.jpg\", \"image-placeholder.jpg\"], [\"image-placeholder.jpg\", \"image-placeholder.jpg\", \"image-placeholder.jpg\", \"image-placeholder.jpg\", \"image-placeholder.jpg\"]]', 361, 0, 902, 'M', 2, 11, 18, 2),
(39, 'cover-placeholder.jpg', 'urun-ayakkabi-33', 'url-ayakkabi-33', '[\"\", \"\", \"\"]', '[\"113\", \"64\", \"91\", \"4\", \"43\", \"127\", \"58\", \"51\", \"142\", \"39\", \"136\"]', '[\"Beyaz\", \"Siyah\"]', '[[\"image-placeholder.jpg\", \"image-placeholder.jpg\", \"image-placeholder.jpg\", \"image-placeholder.jpg\", \"image-placeholder.jpg\"], [\"image-placeholder.jpg\", \"image-placeholder.jpg\", \"image-placeholder.jpg\", \"image-placeholder.jpg\", \"image-placeholder.jpg\"]]', 205, 0, 868, 'F', 3, 10, 18, 3),
(40, 'cover-placeholder.jpg', 'urun-ayakkabi-34', 'url-ayakkabi-34', '[\"\", \"\", \"\"]', '[\"82\", \"37\", \"98\", \"109\", \"149\", \"113\", \"24\", \"24\", \"82\", \"38\", \"3\"]', '[\"Beyaz\", \"Siyah\", \"Lacivert\"]', '[[\"image-placeholder.jpg\", \"image-placeholder.jpg\", \"image-placeholder.jpg\", \"image-placeholder.jpg\", \"image-placeholder.jpg\"], [\"image-placeholder.jpg\", \"image-placeholder.jpg\", \"image-placeholder.jpg\", \"image-placeholder.jpg\", \"image-placeholder.jpg\"], [\"image-placeholder.jpg\", \"image-placeholder.jpg\", \"image-placeholder.jpg\", \"image-placeholder.jpg\", \"image-placeholder.jpg\"]]', 380, 0, 759, 'M', 3, 9, 18, 3),
(41, 'cover-placeholder.jpg', 'urun-ayakkabi-35', 'url-ayakkabi-35', '[\"\", \"\", \"\"]', '[\"22\", \"41\", \"113\", \"51\", \"120\", \"79\", \"127\", \"72\", \"62\", \"73\", \"144\"]', '[\"Beyaz\", \"Siyah\"]', '[[\"image-placeholder.jpg\", \"image-placeholder.jpg\", \"image-placeholder.jpg\", \"image-placeholder.jpg\", \"image-placeholder.jpg\"], [\"image-placeholder.jpg\", \"image-placeholder.jpg\", \"image-placeholder.jpg\", \"image-placeholder.jpg\", \"image-placeholder.jpg\"]]', 231, 0, 904, 'F', 3, 9, 18, 3),
(42, 'cover-placeholder.jpg', 'urun-ayakkabi-36', 'url-ayakkabi-36', '[\"\", \"\", \"\"]', '[\"85\", \"111\", \"67\", \"89\", \"99\", \"53\", \"9\", \"30\", \"123\", \"34\", \"22\"]', '[\"Beyaz\", \"Siyah\", \"Lacivert\", \"Gri\"]', '[[\"image-placeholder.jpg\", \"image-placeholder.jpg\", \"image-placeholder.jpg\", \"image-placeholder.jpg\", \"image-placeholder.jpg\"], [\"image-placeholder.jpg\", \"image-placeholder.jpg\", \"image-placeholder.jpg\", \"image-placeholder.jpg\", \"image-placeholder.jpg\"], [\"image-placeholder.jpg\", \"image-placeholder.jpg\", \"image-placeholder.jpg\", \"image-placeholder.jpg\", \"image-placeholder.jpg\"], [\"image-placeholder.jpg\", \"image-placeholder.jpg\", \"image-placeholder.jpg\", \"image-placeholder.jpg\", \"image-placeholder.jpg\"]]', 364, 0, 722, 'F', 2, 10, 18, 1),
(43, 'cover-placeholder.jpg', 'urun-ayakkabi-37', 'url-ayakkabi-37', '[\"\", \"\", \"\"]', '[\"96\", \"126\", \"106\", \"65\", \"16\", \"103\", \"118\", \"2\", \"148\", \"121\", \"13\"]', '[\"Beyaz\", \"Siyah\"]', '[[\"image-placeholder.jpg\", \"image-placeholder.jpg\", \"image-placeholder.jpg\", \"image-placeholder.jpg\", \"image-placeholder.jpg\"], [\"image-placeholder.jpg\", \"image-placeholder.jpg\", \"image-placeholder.jpg\", \"image-placeholder.jpg\", \"image-placeholder.jpg\"]]', 283, 0, 914, 'M', 4, 9, 18, 3),
(44, 'cover-placeholder.jpg', 'urun-ayakkabi-38', 'url-ayakkabi-38', '[\"\", \"\", \"\"]', '[\"94\", \"10\", \"137\", \"12\", \"20\", \"4\", \"45\", \"136\", \"134\", \"20\", \"36\"]', '[\"Beyaz\", \"Siyah\", \"Lacivert\", \"Gri\", \"Haki\"]', '[[\"image-placeholder.jpg\", \"image-placeholder.jpg\", \"image-placeholder.jpg\", \"image-placeholder.jpg\", \"image-placeholder.jpg\"], [\"image-placeholder.jpg\", \"image-placeholder.jpg\", \"image-placeholder.jpg\", \"image-placeholder.jpg\", \"image-placeholder.jpg\"], [\"image-placeholder.jpg\", \"image-placeholder.jpg\", \"image-placeholder.jpg\", \"image-placeholder.jpg\", \"image-placeholder.jpg\"], [\"image-placeholder.jpg\", \"image-placeholder.jpg\", \"image-placeholder.jpg\", \"image-placeholder.jpg\", \"image-placeholder.jpg\"], [\"image-placeholder.jpg\", \"image-placeholder.jpg\", \"image-placeholder.jpg\", \"image-placeholder.jpg\", \"image-placeholder.jpg\"]]', 208, 0, 648, 'F', 2, 10, 18, 1),
(45, 'cover-placeholder.jpg', 'urun-ayakkabi-39', 'url-ayakkabi-39', '[\"\", \"\", \"\"]', '[\"75\", \"80\", \"75\", \"124\", \"78\", \"14\", \"81\", \"91\", \"72\", \"126\", \"28\"]', '[\"Beyaz\", \"Siyah\", \"Lacivert\"]', '[[\"image-placeholder.jpg\", \"image-placeholder.jpg\", \"image-placeholder.jpg\", \"image-placeholder.jpg\", \"image-placeholder.jpg\"], [\"image-placeholder.jpg\", \"image-placeholder.jpg\", \"image-placeholder.jpg\", \"image-placeholder.jpg\", \"image-placeholder.jpg\"], [\"image-placeholder.jpg\", \"image-placeholder.jpg\", \"image-placeholder.jpg\", \"image-placeholder.jpg\", \"image-placeholder.jpg\"]]', 184, 0, 844, 'M', 1, 9, 18, 3),
(46, 'cover-placeholder.jpg', 'urun-ayakkabi-40', 'url-ayakkabi-40', '[\"\", \"\", \"\"]', '[\"60\", \"62\", \"69\", \"51\", \"132\", \"75\", \"44\", \"128\", \"126\", \"119\", \"96\"]', '[\"Beyaz\", \"Siyah\", \"Lacivert\", \"Gri\"]', '[[\"image-placeholder.jpg\", \"image-placeholder.jpg\", \"image-placeholder.jpg\", \"image-placeholder.jpg\", \"image-placeholder.jpg\"], [\"image-placeholder.jpg\", \"image-placeholder.jpg\", \"image-placeholder.jpg\", \"image-placeholder.jpg\", \"image-placeholder.jpg\"], [\"image-placeholder.jpg\", \"image-placeholder.jpg\", \"image-placeholder.jpg\", \"image-placeholder.jpg\", \"image-placeholder.jpg\"], [\"image-placeholder.jpg\", \"image-placeholder.jpg\", \"image-placeholder.jpg\", \"image-placeholder.jpg\", \"image-placeholder.jpg\"]]', 279, 0, 962, 'F', 4, 11, 18, 3),
(47, 'cover-placeholder.jpg', 'urun-ayakkabi-41', 'url-ayakkabi-41', '[\"\", \"\", \"\"]', '[\"82\", \"11\", \"120\", \"21\", \"61\", \"108\", \"42\", \"38\", \"148\", \"35\", \"25\"]', '[\"Beyaz\"]', '[[\"image-placeholder.jpg\", \"image-placeholder.jpg\", \"image-placeholder.jpg\", \"image-placeholder.jpg\", \"image-placeholder.jpg\"]]', 396, 0, 691, 'F', 3, 9, 18, 3),
(48, 'cover-placeholder.jpg', 'urun-ayakkabi-42', 'url-ayakkabi-42', '[\"\", \"\", \"\"]', '[\"88\", \"70\", \"105\", \"99\", \"90\", \"71\", \"107\", \"52\", \"121\", \"126\", \"111\"]', '[\"Beyaz\", \"Siyah\"]', '[[\"image-placeholder.jpg\", \"image-placeholder.jpg\", \"image-placeholder.jpg\", \"image-placeholder.jpg\", \"image-placeholder.jpg\"], [\"image-placeholder.jpg\", \"image-placeholder.jpg\", \"image-placeholder.jpg\", \"image-placeholder.jpg\", \"image-placeholder.jpg\"]]', 388, 0, 1040, 'M', 4, 10, 18, 3),
(49, 'cover-placeholder.jpg', 'urun-ayakkabi-43', 'url-ayakkabi-43', '[\"\", \"\", \"\"]', '[\"1\", \"73\", \"0\", \"76\", \"147\", \"64\", \"30\", \"12\", \"28\", \"114\", \"69\"]', '[\"Beyaz\", \"Siyah\", \"Lacivert\"]', '[[\"image-placeholder.jpg\", \"image-placeholder.jpg\", \"image-placeholder.jpg\", \"image-placeholder.jpg\", \"image-placeholder.jpg\"], [\"image-placeholder.jpg\", \"image-placeholder.jpg\", \"image-placeholder.jpg\", \"image-placeholder.jpg\", \"image-placeholder.jpg\"], [\"image-placeholder.jpg\", \"image-placeholder.jpg\", \"image-placeholder.jpg\", \"image-placeholder.jpg\", \"image-placeholder.jpg\"]]', 196, 0, 614, 'F', 2, 9, 18, 2),
(50, 'cover-placeholder.jpg', 'urun-ayakkabi-44', 'url-ayakkabi-44', '[\"\", \"\", \"\"]', '[\"91\", \"106\", \"92\", \"6\", \"141\", \"149\", \"39\", \"121\", \"32\", \"130\", \"0\"]', '[\"Beyaz\", \"Siyah\", \"Lacivert\"]', '[[\"image-placeholder.jpg\", \"image-placeholder.jpg\", \"image-placeholder.jpg\", \"image-placeholder.jpg\", \"image-placeholder.jpg\"], [\"image-placeholder.jpg\", \"image-placeholder.jpg\", \"image-placeholder.jpg\", \"image-placeholder.jpg\", \"image-placeholder.jpg\"], [\"image-placeholder.jpg\", \"image-placeholder.jpg\", \"image-placeholder.jpg\", \"image-placeholder.jpg\", \"image-placeholder.jpg\"]]', 200, 0, 907, 'M', 2, 10, 18, 1),
(51, 'cover-placeholder.jpg', 'urun-ayakkabi-45', 'url-ayakkabi-45', '[\"\", \"\", \"\"]', '[\"111\", \"133\", \"107\", \"32\", \"101\", \"89\", \"136\", \"132\", \"35\", \"90\", \"11\"]', '[\"Beyaz\", \"Siyah\", \"Lacivert\"]', '[[\"image-placeholder.jpg\", \"image-placeholder.jpg\", \"image-placeholder.jpg\", \"image-placeholder.jpg\", \"image-placeholder.jpg\"], [\"image-placeholder.jpg\", \"image-placeholder.jpg\", \"image-placeholder.jpg\", \"image-placeholder.jpg\", \"image-placeholder.jpg\"], [\"image-placeholder.jpg\", \"image-placeholder.jpg\", \"image-placeholder.jpg\", \"image-placeholder.jpg\", \"image-placeholder.jpg\"]]', 305, 0, 977, 'M', 3, 8, 18, 1),
(52, 'cover-placeholder.jpg', 'urun-ayakkabi-46', 'url-ayakkabi-46', '[\"\", \"\", \"\"]', '[\"0\", \"73\", \"19\", \"50\", \"132\", \"50\", \"41\", \"63\", \"49\", \"32\", \"125\"]', '[\"Beyaz\", \"Siyah\", \"Lacivert\", \"Gri\", \"Haki\"]', '[[\"image-placeholder.jpg\", \"image-placeholder.jpg\", \"image-placeholder.jpg\", \"image-placeholder.jpg\", \"image-placeholder.jpg\"], [\"image-placeholder.jpg\", \"image-placeholder.jpg\", \"image-placeholder.jpg\", \"image-placeholder.jpg\", \"image-placeholder.jpg\"], [\"image-placeholder.jpg\", \"image-placeholder.jpg\", \"image-placeholder.jpg\", \"image-placeholder.jpg\", \"image-placeholder.jpg\"], [\"image-placeholder.jpg\", \"image-placeholder.jpg\", \"image-placeholder.jpg\", \"image-placeholder.jpg\", \"image-placeholder.jpg\"], [\"image-placeholder.jpg\", \"image-placeholder.jpg\", \"image-placeholder.jpg\", \"image-placeholder.jpg\", \"image-placeholder.jpg\"]]', 351, 0, 634, 'F', 3, 11, 18, 3),
(53, 'cover-placeholder.jpg', 'urun-ayakkabi-47', 'url-ayakkabi-47', '[\"\", \"\", \"\"]', '[\"54\", \"47\", \"73\", \"74\", \"59\", \"130\", \"26\", \"131\", \"98\", \"22\", \"66\"]', '[\"Beyaz\", \"Siyah\", \"Lacivert\"]', '[[\"image-placeholder.jpg\", \"image-placeholder.jpg\", \"image-placeholder.jpg\", \"image-placeholder.jpg\", \"image-placeholder.jpg\"], [\"image-placeholder.jpg\", \"image-placeholder.jpg\", \"image-placeholder.jpg\", \"image-placeholder.jpg\", \"image-placeholder.jpg\"], [\"image-placeholder.jpg\", \"image-placeholder.jpg\", \"image-placeholder.jpg\", \"image-placeholder.jpg\", \"image-placeholder.jpg\"]]', 366, 0, 780, 'F', 1, 9, 18, 2),
(54, 'cover-placeholder.jpg', 'urun-ayakkabi-48', 'url-ayakkabi-48', '[\"\", \"\", \"\"]', '[\"86\", \"66\", \"111\", \"134\", \"117\", \"95\", \"110\", \"110\", \"126\", \"61\", \"70\"]', '[\"Beyaz\", \"Siyah\"]', '[[\"image-placeholder.jpg\", \"image-placeholder.jpg\", \"image-placeholder.jpg\", \"image-placeholder.jpg\", \"image-placeholder.jpg\"], [\"image-placeholder.jpg\", \"image-placeholder.jpg\", \"image-placeholder.jpg\", \"image-placeholder.jpg\", \"image-placeholder.jpg\"]]', 200, 0, 1086, 'F', 2, 10, 18, 2),
(55, 'cover-placeholder.jpg', 'urun-ayakkabi-49', 'url-ayakkabi-49', '[\"\", \"\", \"\"]', '[\"4\", \"87\", \"62\", \"65\", \"129\", \"108\", \"136\", \"6\", \"108\", \"4\", \"91\"]', '[\"Beyaz\", \"Siyah\", \"Lacivert\", \"Gri\", \"Haki\"]', '[[\"image-placeholder.jpg\", \"image-placeholder.jpg\", \"image-placeholder.jpg\", \"image-placeholder.jpg\", \"image-placeholder.jpg\"], [\"image-placeholder.jpg\", \"image-placeholder.jpg\", \"image-placeholder.jpg\", \"image-placeholder.jpg\", \"image-placeholder.jpg\"], [\"image-placeholder.jpg\", \"image-placeholder.jpg\", \"image-placeholder.jpg\", \"image-placeholder.jpg\", \"image-placeholder.jpg\"], [\"image-placeholder.jpg\", \"image-placeholder.jpg\", \"image-placeholder.jpg\", \"image-placeholder.jpg\", \"image-placeholder.jpg\"], [\"image-placeholder.jpg\", \"image-placeholder.jpg\", \"image-placeholder.jpg\", \"image-placeholder.jpg\", \"image-placeholder.jpg\"]]', 316, 0, 800, 'F', 2, 11, 18, 2),
(56, 'cover-placeholder.jpg', 'urun-ayakkabi-50', 'url-ayakkabi-50', '[\"\", \"\", \"\"]', '[\"111\", \"150\", \"30\", \"124\", \"72\", \"73\", \"123\", \"0\", \"45\", \"78\", \"126\"]', '[\"Beyaz\", \"Siyah\", \"Lacivert\"]', '[[\"image-placeholder.jpg\", \"image-placeholder.jpg\", \"image-placeholder.jpg\", \"image-placeholder.jpg\", \"image-placeholder.jpg\"], [\"image-placeholder.jpg\", \"image-placeholder.jpg\", \"image-placeholder.jpg\", \"image-placeholder.jpg\", \"image-placeholder.jpg\"], [\"image-placeholder.jpg\", \"image-placeholder.jpg\", \"image-placeholder.jpg\", \"image-placeholder.jpg\", \"image-placeholder.jpg\"]]', 200, 0, 932, 'F', 1, 11, 18, 2),
(57, 'cover-placeholder.jpg', 'urun-ayakkabi-51', 'url-ayakkabi-51', '[\"\", \"\", \"\"]', '[\"95\", \"138\", \"46\", \"118\", \"48\", \"17\", \"138\", \"126\", \"50\", \"13\", \"42\"]', '[\"Beyaz\", \"Siyah\"]', '[[\"image-placeholder.jpg\", \"image-placeholder.jpg\", \"image-placeholder.jpg\", \"image-placeholder.jpg\", \"image-placeholder.jpg\"], [\"image-placeholder.jpg\", \"image-placeholder.jpg\", \"image-placeholder.jpg\", \"image-placeholder.jpg\", \"image-placeholder.jpg\"]]', 220, 0, 831, 'M', 3, 11, 18, 3),
(58, 'cover-placeholder.jpg', 'urun-ayakkabi-52', 'url-ayakkabi-52', '[\"\", \"\", \"\"]', '[\"123\", \"142\", \"26\", \"60\", \"82\", \"44\", \"96\", \"141\", \"91\", \"99\", \"103\"]', '[\"Beyaz\", \"Siyah\", \"Lacivert\", \"Gri\", \"Haki\"]', '[[\"image-placeholder.jpg\", \"image-placeholder.jpg\", \"image-placeholder.jpg\", \"image-placeholder.jpg\", \"image-placeholder.jpg\"], [\"image-placeholder.jpg\", \"image-placeholder.jpg\", \"image-placeholder.jpg\", \"image-placeholder.jpg\", \"image-placeholder.jpg\"], [\"image-placeholder.jpg\", \"image-placeholder.jpg\", \"image-placeholder.jpg\", \"image-placeholder.jpg\", \"image-placeholder.jpg\"], [\"image-placeholder.jpg\", \"image-placeholder.jpg\", \"image-placeholder.jpg\", \"image-placeholder.jpg\", \"image-placeholder.jpg\"], [\"image-placeholder.jpg\", \"image-placeholder.jpg\", \"image-placeholder.jpg\", \"image-placeholder.jpg\", \"image-placeholder.jpg\"]]', 358, 0, 1007, 'F', 1, 10, 18, 1),
(59, 'cover-placeholder.jpg', 'urun-ayakkabi-53', 'url-ayakkabi-53', '[\"\", \"\", \"\"]', '[\"149\", \"9\", \"150\", \"6\", \"9\", \"2\", \"51\", \"63\", \"116\", \"48\", \"139\"]', '[\"Beyaz\"]', '[[\"image-placeholder.jpg\", \"image-placeholder.jpg\", \"image-placeholder.jpg\", \"image-placeholder.jpg\", \"image-placeholder.jpg\"]]', 357, 0, 742, 'F', 1, 11, 18, 2),
(60, 'cover-placeholder.jpg', 'urun-ayakkabi-54', 'url-ayakkabi-54', '[\"\", \"\", \"\"]', '[\"100\", \"14\", \"10\", \"12\", \"80\", \"62\", \"105\", \"111\", \"53\", \"2\", \"32\"]', '[\"Beyaz\", \"Siyah\", \"Lacivert\", \"Gri\"]', '[[\"image-placeholder.jpg\", \"image-placeholder.jpg\", \"image-placeholder.jpg\", \"image-placeholder.jpg\", \"image-placeholder.jpg\"], [\"image-placeholder.jpg\", \"image-placeholder.jpg\", \"image-placeholder.jpg\", \"image-placeholder.jpg\", \"image-placeholder.jpg\"], [\"image-placeholder.jpg\", \"image-placeholder.jpg\", \"image-placeholder.jpg\", \"image-placeholder.jpg\", \"image-placeholder.jpg\"], [\"image-placeholder.jpg\", \"image-placeholder.jpg\", \"image-placeholder.jpg\", \"image-placeholder.jpg\", \"image-placeholder.jpg\"]]', 163, 0, 581, 'F', 2, 10, 18, 1),
(61, 'cover-placeholder.jpg', 'urun-ayakkabi-55', 'url-ayakkabi-55', '[\"\", \"\", \"\"]', '[\"37\", \"21\", \"58\", \"128\", \"94\", \"61\", \"88\", \"126\", \"57\", \"47\", \"120\"]', '[\"Beyaz\", \"Siyah\"]', '[[\"image-placeholder.jpg\", \"image-placeholder.jpg\", \"image-placeholder.jpg\", \"image-placeholder.jpg\", \"image-placeholder.jpg\"], [\"image-placeholder.jpg\", \"image-placeholder.jpg\", \"image-placeholder.jpg\", \"image-placeholder.jpg\", \"image-placeholder.jpg\"]]', 352, 0, 837, 'M', 3, 10, 18, 1),
(62, 'cover-placeholder.jpg', 'urun-ayakkabi-56', 'url-ayakkabi-56', '[\"\", \"\", \"\"]', '[\"85\", \"136\", \"11\", \"78\", \"25\", \"53\", \"135\", \"84\", \"40\", \"112\", \"13\"]', '[\"Beyaz\", \"Siyah\"]', '[[\"image-placeholder.jpg\", \"image-placeholder.jpg\", \"image-placeholder.jpg\", \"image-placeholder.jpg\", \"image-placeholder.jpg\"], [\"image-placeholder.jpg\", \"image-placeholder.jpg\", \"image-placeholder.jpg\", \"image-placeholder.jpg\", \"image-placeholder.jpg\"]]', 235, 0, 772, 'M', 3, 11, 18, 1),
(63, 'cover-placeholder.jpg', 'urun-ayakkabi-57', 'url-ayakkabi-57', '[\"\", \"\", \"\"]', '[\"129\", \"24\", \"113\", \"141\", \"135\", \"91\", \"4\", \"71\", \"65\", \"124\", \"10\"]', '[\"Beyaz\", \"Siyah\", \"Lacivert\", \"Gri\"]', '[[\"image-placeholder.jpg\", \"image-placeholder.jpg\", \"image-placeholder.jpg\", \"image-placeholder.jpg\", \"image-placeholder.jpg\"], [\"image-placeholder.jpg\", \"image-placeholder.jpg\", \"image-placeholder.jpg\", \"image-placeholder.jpg\", \"image-placeholder.jpg\"], [\"image-placeholder.jpg\", \"image-placeholder.jpg\", \"image-placeholder.jpg\", \"image-placeholder.jpg\", \"image-placeholder.jpg\"], [\"image-placeholder.jpg\", \"image-placeholder.jpg\", \"image-placeholder.jpg\", \"image-placeholder.jpg\", \"image-placeholder.jpg\"]]', 325, 0, 907, 'M', 2, 11, 18, 2),
(64, 'cover-placeholder.jpg', 'urun-ayakkabi-58', 'url-ayakkabi-58', '[\"\", \"\", \"\"]', '[\"96\", \"63\", \"13\", \"90\", \"17\", \"131\", \"137\", \"96\", \"100\", \"57\", \"95\"]', '[\"Beyaz\", \"Siyah\", \"Lacivert\", \"Gri\"]', '[[\"image-placeholder.jpg\", \"image-placeholder.jpg\", \"image-placeholder.jpg\", \"image-placeholder.jpg\", \"image-placeholder.jpg\"], [\"image-placeholder.jpg\", \"image-placeholder.jpg\", \"image-placeholder.jpg\", \"image-placeholder.jpg\", \"image-placeholder.jpg\"], [\"image-placeholder.jpg\", \"image-placeholder.jpg\", \"image-placeholder.jpg\", \"image-placeholder.jpg\", \"image-placeholder.jpg\"], [\"image-placeholder.jpg\", \"image-placeholder.jpg\", \"image-placeholder.jpg\", \"image-placeholder.jpg\", \"image-placeholder.jpg\"]]', 166, 0, 895, 'M', 4, 9, 18, 2),
(65, 'cover-placeholder.jpg', 'urun-ayakkabi-59', 'url-ayakkabi-59', '[\"\", \"\", \"\"]', '[\"109\", \"118\", \"100\", \"73\", \"1\", \"103\", \"120\", \"6\", \"100\", \"97\", \"24\"]', '[\"Beyaz\"]', '[[\"image-placeholder.jpg\", \"image-placeholder.jpg\", \"image-placeholder.jpg\", \"image-placeholder.jpg\", \"image-placeholder.jpg\"]]', 202, 0, 851, 'M', 4, 8, 18, 3),
(66, 'cover-placeholder.jpg', 'urun-ayakkabi-60', 'url-ayakkabi-60', '[\"\", \"\", \"\"]', '[\"88\", \"25\", \"58\", \"68\", \"147\", \"120\", \"117\", \"28\", \"27\", \"125\", \"39\"]', '[\"Beyaz\", \"Siyah\", \"Lacivert\", \"Gri\"]', '[[\"image-placeholder.jpg\", \"image-placeholder.jpg\", \"image-placeholder.jpg\", \"image-placeholder.jpg\", \"image-placeholder.jpg\"], [\"image-placeholder.jpg\", \"image-placeholder.jpg\", \"image-placeholder.jpg\", \"image-placeholder.jpg\", \"image-placeholder.jpg\"], [\"image-placeholder.jpg\", \"image-placeholder.jpg\", \"image-placeholder.jpg\", \"image-placeholder.jpg\", \"image-placeholder.jpg\"], [\"image-placeholder.jpg\", \"image-placeholder.jpg\", \"image-placeholder.jpg\", \"image-placeholder.jpg\", \"image-placeholder.jpg\"]]', 320, 0, 842, 'F', 1, 8, 18, 3),
(67, 'cover-placeholder.jpg', 'urun-ayakkabi-61', 'url-ayakkabi-61', '[\"\", \"\", \"\"]', '[\"142\", \"107\", \"134\", \"15\", \"15\", \"41\", \"105\", \"95\", \"96\", \"132\", \"26\"]', '[\"Beyaz\", \"Siyah\", \"Lacivert\", \"Gri\", \"Haki\"]', '[[\"image-placeholder.jpg\", \"image-placeholder.jpg\", \"image-placeholder.jpg\", \"image-placeholder.jpg\", \"image-placeholder.jpg\"], [\"image-placeholder.jpg\", \"image-placeholder.jpg\", \"image-placeholder.jpg\", \"image-placeholder.jpg\", \"image-placeholder.jpg\"], [\"image-placeholder.jpg\", \"image-placeholder.jpg\", \"image-placeholder.jpg\", \"image-placeholder.jpg\", \"image-placeholder.jpg\"], [\"image-placeholder.jpg\", \"image-placeholder.jpg\", \"image-placeholder.jpg\", \"image-placeholder.jpg\", \"image-placeholder.jpg\"], [\"image-placeholder.jpg\", \"image-placeholder.jpg\", \"image-placeholder.jpg\", \"image-placeholder.jpg\", \"image-placeholder.jpg\"]]', 223, 0, 908, 'M', 3, 11, 18, 3),
(68, 'cover-placeholder.jpg', 'urun-ayakkabi-62', 'url-ayakkabi-62', '[\"\", \"\", \"\"]', '[\"127\", \"51\", \"74\", \"41\", \"62\", \"41\", \"55\", \"17\", \"77\", \"19\", \"32\"]', '[\"Beyaz\", \"Siyah\"]', '[[\"image-placeholder.jpg\", \"image-placeholder.jpg\", \"image-placeholder.jpg\", \"image-placeholder.jpg\", \"image-placeholder.jpg\"], [\"image-placeholder.jpg\", \"image-placeholder.jpg\", \"image-placeholder.jpg\", \"image-placeholder.jpg\", \"image-placeholder.jpg\"]]', 163, 0, 596, 'M', 3, 10, 18, 3),
(69, 'cover-placeholder.jpg', 'urun-ayakkabi-63', 'url-ayakkabi-63', '[\"\", \"\", \"\"]', '[\"78\", \"19\", \"133\", \"111\", \"70\", \"78\", \"104\", \"43\", \"149\", \"134\", \"78\"]', '[\"Beyaz\", \"Siyah\"]', '[[\"image-placeholder.jpg\", \"image-placeholder.jpg\", \"image-placeholder.jpg\", \"image-placeholder.jpg\", \"image-placeholder.jpg\"], [\"image-placeholder.jpg\", \"image-placeholder.jpg\", \"image-placeholder.jpg\", \"image-placeholder.jpg\", \"image-placeholder.jpg\"]]', 243, 0, 997, 'M', 2, 10, 18, 3),
(70, 'cover-placeholder.jpg', 'urun-ayakkabi-64', 'url-ayakkabi-64', '[\"\", \"\", \"\"]', '[\"81\", \"149\", \"148\", \"143\", \"126\", \"137\", \"119\", \"32\", \"22\", \"50\", \"114\"]', '[\"Beyaz\", \"Siyah\", \"Lacivert\", \"Gri\", \"Haki\"]', '[[\"image-placeholder.jpg\", \"image-placeholder.jpg\", \"image-placeholder.jpg\", \"image-placeholder.jpg\", \"image-placeholder.jpg\"], [\"image-placeholder.jpg\", \"image-placeholder.jpg\", \"image-placeholder.jpg\", \"image-placeholder.jpg\", \"image-placeholder.jpg\"], [\"image-placeholder.jpg\", \"image-placeholder.jpg\", \"image-placeholder.jpg\", \"image-placeholder.jpg\", \"image-placeholder.jpg\"], [\"image-placeholder.jpg\", \"image-placeholder.jpg\", \"image-placeholder.jpg\", \"image-placeholder.jpg\", \"image-placeholder.jpg\"], [\"image-placeholder.jpg\", \"image-placeholder.jpg\", \"image-placeholder.jpg\", \"image-placeholder.jpg\", \"image-placeholder.jpg\"]]', 353, 0, 1121, 'F', 4, 9, 18, 3),
(71, 'cover-placeholder.jpg', 'urun-ayakkabi-65', 'url-ayakkabi-65', '[\"\", \"\", \"\"]', '[\"113\", \"77\", \"144\", \"59\", \"99\", \"113\", \"84\", \"38\", \"50\", \"83\", \"131\"]', '[\"Beyaz\", \"Siyah\", \"Lacivert\", \"Gri\", \"Haki\"]', '[[\"image-placeholder.jpg\", \"image-placeholder.jpg\", \"image-placeholder.jpg\", \"image-placeholder.jpg\", \"image-placeholder.jpg\"], [\"image-placeholder.jpg\", \"image-placeholder.jpg\", \"image-placeholder.jpg\", \"image-placeholder.jpg\", \"image-placeholder.jpg\"], [\"image-placeholder.jpg\", \"image-placeholder.jpg\", \"image-placeholder.jpg\", \"image-placeholder.jpg\", \"image-placeholder.jpg\"], [\"image-placeholder.jpg\", \"image-placeholder.jpg\", \"image-placeholder.jpg\", \"image-placeholder.jpg\", \"image-placeholder.jpg\"], [\"image-placeholder.jpg\", \"image-placeholder.jpg\", \"image-placeholder.jpg\", \"image-placeholder.jpg\", \"image-placeholder.jpg\"]]', 314, 0, 991, 'M', 4, 8, 18, 2),
(72, 'cover-placeholder.jpg', 'urun-ayakkabi-66', 'url-ayakkabi-66', '[\"\", \"\", \"\"]', '[\"136\", \"34\", \"25\", \"127\", \"11\", \"67\", \"1\", \"139\", \"104\", \"144\", \"116\"]', '[\"Beyaz\", \"Siyah\"]', '[[\"image-placeholder.jpg\", \"image-placeholder.jpg\", \"image-placeholder.jpg\", \"image-placeholder.jpg\", \"image-placeholder.jpg\"], [\"image-placeholder.jpg\", \"image-placeholder.jpg\", \"image-placeholder.jpg\", \"image-placeholder.jpg\", \"image-placeholder.jpg\"]]', 369, 0, 904, 'M', 4, 11, 18, 1),
(73, 'cover-placeholder.jpg', 'urun-ayakkabi-67', 'url-ayakkabi-67', '[\"\", \"\", \"\"]', '[\"16\", \"112\", \"46\", \"66\", \"10\", \"86\", \"34\", \"91\", \"80\", \"17\", \"94\"]', '[\"Beyaz\", \"Siyah\", \"Lacivert\"]', '[[\"image-placeholder.jpg\", \"image-placeholder.jpg\", \"image-placeholder.jpg\", \"image-placeholder.jpg\", \"image-placeholder.jpg\"], [\"image-placeholder.jpg\", \"image-placeholder.jpg\", \"image-placeholder.jpg\", \"image-placeholder.jpg\", \"image-placeholder.jpg\"], [\"image-placeholder.jpg\", \"image-placeholder.jpg\", \"image-placeholder.jpg\", \"image-placeholder.jpg\", \"image-placeholder.jpg\"]]', 328, 0, 652, 'M', 3, 11, 18, 3),
(74, 'cover-placeholder.jpg', 'urun-ayakkabi-68', 'url-ayakkabi-68', '[\"\", \"\", \"\"]', '[\"112\", \"63\", \"96\", \"131\", \"42\", \"20\", \"66\", \"64\", \"81\", \"139\", \"72\"]', '[\"Beyaz\"]', '[[\"image-placeholder.jpg\", \"image-placeholder.jpg\", \"image-placeholder.jpg\", \"image-placeholder.jpg\", \"image-placeholder.jpg\"]]', 283, 0, 886, 'M', 1, 11, 18, 3),
(75, 'cover-placeholder.jpg', 'urun-ayakkabi-69', 'url-ayakkabi-69', '[\"\", \"\", \"\"]', '[\"41\", \"55\", \"21\", \"41\", \"81\", \"110\", \"83\", \"143\", \"124\", \"147\", \"24\"]', '[\"Beyaz\", \"Siyah\", \"Lacivert\", \"Gri\"]', '[[\"image-placeholder.jpg\", \"image-placeholder.jpg\", \"image-placeholder.jpg\", \"image-placeholder.jpg\", \"image-placeholder.jpg\"], [\"image-placeholder.jpg\", \"image-placeholder.jpg\", \"image-placeholder.jpg\", \"image-placeholder.jpg\", \"image-placeholder.jpg\"], [\"image-placeholder.jpg\", \"image-placeholder.jpg\", \"image-placeholder.jpg\", \"image-placeholder.jpg\", \"image-placeholder.jpg\"], [\"image-placeholder.jpg\", \"image-placeholder.jpg\", \"image-placeholder.jpg\", \"image-placeholder.jpg\", \"image-placeholder.jpg\"]]', 304, 0, 870, 'M', 4, 9, 18, 3);
INSERT INTO `product` (`ProductId`, `Cover`, `Name`, `Url`, `Details`, `Size`, `Colors`, `Images`, `Price`, `Discount`, `Stock`, `Gender`, `SeasonId`, `AgeId`, `CategoryId`, `StyleId`) VALUES
(76, 'cover-placeholder.jpg', 'urun-ayakkabi-70', 'url-ayakkabi-70', '[\"\", \"\", \"\"]', '[\"3\", \"123\", \"144\", \"27\", \"4\", \"102\", \"120\", \"50\", \"128\", \"71\", \"43\"]', '[\"Beyaz\", \"Siyah\", \"Lacivert\", \"Gri\"]', '[[\"image-placeholder.jpg\", \"image-placeholder.jpg\", \"image-placeholder.jpg\", \"image-placeholder.jpg\", \"image-placeholder.jpg\"], [\"image-placeholder.jpg\", \"image-placeholder.jpg\", \"image-placeholder.jpg\", \"image-placeholder.jpg\", \"image-placeholder.jpg\"], [\"image-placeholder.jpg\", \"image-placeholder.jpg\", \"image-placeholder.jpg\", \"image-placeholder.jpg\", \"image-placeholder.jpg\"], [\"image-placeholder.jpg\", \"image-placeholder.jpg\", \"image-placeholder.jpg\", \"image-placeholder.jpg\", \"image-placeholder.jpg\"]]', 177, 0, 815, 'F', 3, 8, 18, 3),
(77, 'cover-placeholder.jpg', 'urun-ayakkabi-71', 'url-ayakkabi-71', '[\"\", \"\", \"\"]', '[\"102\", \"121\", \"21\", \"90\", \"30\", \"133\", \"149\", \"90\", \"64\", \"31\", \"29\"]', '[\"Beyaz\", \"Siyah\", \"Lacivert\", \"Gri\"]', '[[\"image-placeholder.jpg\", \"image-placeholder.jpg\", \"image-placeholder.jpg\", \"image-placeholder.jpg\", \"image-placeholder.jpg\"], [\"image-placeholder.jpg\", \"image-placeholder.jpg\", \"image-placeholder.jpg\", \"image-placeholder.jpg\", \"image-placeholder.jpg\"], [\"image-placeholder.jpg\", \"image-placeholder.jpg\", \"image-placeholder.jpg\", \"image-placeholder.jpg\", \"image-placeholder.jpg\"], [\"image-placeholder.jpg\", \"image-placeholder.jpg\", \"image-placeholder.jpg\", \"image-placeholder.jpg\", \"image-placeholder.jpg\"]]', 233, 0, 860, 'M', 4, 8, 18, 3),
(78, 'cover-placeholder.jpg', 'urun-ayakkabi-72', 'url-ayakkabi-72', '[\"\", \"\", \"\"]', '[\"21\", \"18\", \"56\", \"81\", \"2\", \"44\", \"6\", \"51\", \"138\", \"54\", \"12\"]', '[\"Beyaz\", \"Siyah\", \"Lacivert\", \"Gri\"]', '[[\"image-placeholder.jpg\", \"image-placeholder.jpg\", \"image-placeholder.jpg\", \"image-placeholder.jpg\", \"image-placeholder.jpg\"], [\"image-placeholder.jpg\", \"image-placeholder.jpg\", \"image-placeholder.jpg\", \"image-placeholder.jpg\", \"image-placeholder.jpg\"], [\"image-placeholder.jpg\", \"image-placeholder.jpg\", \"image-placeholder.jpg\", \"image-placeholder.jpg\", \"image-placeholder.jpg\"], [\"image-placeholder.jpg\", \"image-placeholder.jpg\", \"image-placeholder.jpg\", \"image-placeholder.jpg\", \"image-placeholder.jpg\"]]', 364, 0, 483, 'M', 1, 9, 18, 2),
(79, 'cover-placeholder.jpg', 'urun-ayakkabi-73', 'url-ayakkabi-73', '[\"\", \"\", \"\"]', '[\"83\", \"104\", \"150\", \"147\", \"71\", \"23\", \"36\", \"60\", \"67\", \"85\", \"149\"]', '[\"Beyaz\", \"Siyah\", \"Lacivert\", \"Gri\"]', '[[\"image-placeholder.jpg\", \"image-placeholder.jpg\", \"image-placeholder.jpg\", \"image-placeholder.jpg\", \"image-placeholder.jpg\"], [\"image-placeholder.jpg\", \"image-placeholder.jpg\", \"image-placeholder.jpg\", \"image-placeholder.jpg\", \"image-placeholder.jpg\"], [\"image-placeholder.jpg\", \"image-placeholder.jpg\", \"image-placeholder.jpg\", \"image-placeholder.jpg\", \"image-placeholder.jpg\"], [\"image-placeholder.jpg\", \"image-placeholder.jpg\", \"image-placeholder.jpg\", \"image-placeholder.jpg\", \"image-placeholder.jpg\"]]', 381, 0, 975, 'M', 2, 8, 18, 1),
(80, 'cover-placeholder.jpg', 'urun-ayakkabi-74', 'url-ayakkabi-74', '[\"\", \"\", \"\"]', '[\"95\", \"73\", \"75\", \"102\", \"22\", \"101\", \"32\", \"56\", \"119\", \"69\", \"26\"]', '[\"Beyaz\", \"Siyah\", \"Lacivert\", \"Gri\"]', '[[\"image-placeholder.jpg\", \"image-placeholder.jpg\", \"image-placeholder.jpg\", \"image-placeholder.jpg\", \"image-placeholder.jpg\"], [\"image-placeholder.jpg\", \"image-placeholder.jpg\", \"image-placeholder.jpg\", \"image-placeholder.jpg\", \"image-placeholder.jpg\"], [\"image-placeholder.jpg\", \"image-placeholder.jpg\", \"image-placeholder.jpg\", \"image-placeholder.jpg\", \"image-placeholder.jpg\"], [\"image-placeholder.jpg\", \"image-placeholder.jpg\", \"image-placeholder.jpg\", \"image-placeholder.jpg\", \"image-placeholder.jpg\"]]', 170, 0, 770, 'M', 2, 11, 18, 2),
(81, 'cover-placeholder.jpg', 'urun-ayakkabi-75', 'url-ayakkabi-75', '[\"\", \"\", \"\"]', '[\"18\", \"141\", \"118\", \"16\", \"29\", \"106\", \"90\", \"136\", \"57\", \"13\", \"16\"]', '[\"Beyaz\", \"Siyah\", \"Lacivert\"]', '[[\"image-placeholder.jpg\", \"image-placeholder.jpg\", \"image-placeholder.jpg\", \"image-placeholder.jpg\", \"image-placeholder.jpg\"], [\"image-placeholder.jpg\", \"image-placeholder.jpg\", \"image-placeholder.jpg\", \"image-placeholder.jpg\", \"image-placeholder.jpg\"], [\"image-placeholder.jpg\", \"image-placeholder.jpg\", \"image-placeholder.jpg\", \"image-placeholder.jpg\", \"image-placeholder.jpg\"]]', 165, 0, 740, 'M', 1, 10, 18, 3),
(82, 'cover-placeholder.jpg', 'urun-ayakkabi-76', 'url-ayakkabi-76', '[\"\", \"\", \"\"]', '[\"5\", \"92\", \"14\", \"87\", \"0\", \"148\", \"19\", \"121\", \"44\", \"129\", \"72\"]', '[\"Beyaz\", \"Siyah\", \"Lacivert\", \"Gri\", \"Haki\"]', '[[\"image-placeholder.jpg\", \"image-placeholder.jpg\", \"image-placeholder.jpg\", \"image-placeholder.jpg\", \"image-placeholder.jpg\"], [\"image-placeholder.jpg\", \"image-placeholder.jpg\", \"image-placeholder.jpg\", \"image-placeholder.jpg\", \"image-placeholder.jpg\"], [\"image-placeholder.jpg\", \"image-placeholder.jpg\", \"image-placeholder.jpg\", \"image-placeholder.jpg\", \"image-placeholder.jpg\"], [\"image-placeholder.jpg\", \"image-placeholder.jpg\", \"image-placeholder.jpg\", \"image-placeholder.jpg\", \"image-placeholder.jpg\"], [\"image-placeholder.jpg\", \"image-placeholder.jpg\", \"image-placeholder.jpg\", \"image-placeholder.jpg\", \"image-placeholder.jpg\"]]', 179, 0, 731, 'F', 2, 9, 18, 3),
(83, 'cover-placeholder.jpg', 'urun-ayakkabi-77', 'url-ayakkabi-77', '[\"\", \"\", \"\"]', '[\"106\", \"48\", \"4\", \"147\", \"32\", \"115\", \"67\", \"102\", \"109\", \"72\", \"21\"]', '[\"Beyaz\", \"Siyah\"]', '[[\"image-placeholder.jpg\", \"image-placeholder.jpg\", \"image-placeholder.jpg\", \"image-placeholder.jpg\", \"image-placeholder.jpg\"], [\"image-placeholder.jpg\", \"image-placeholder.jpg\", \"image-placeholder.jpg\", \"image-placeholder.jpg\", \"image-placeholder.jpg\"]]', 302, 0, 823, 'F', 2, 10, 18, 3),
(84, 'cover-placeholder.jpg', 'urun-ayakkabi-78', 'url-ayakkabi-78', '[\"\", \"\", \"\"]', '[\"29\", \"55\", \"24\", \"95\", \"40\", \"101\", \"137\", \"68\", \"23\", \"38\", \"22\"]', '[\"Beyaz\", \"Siyah\", \"Lacivert\", \"Gri\"]', '[[\"image-placeholder.jpg\", \"image-placeholder.jpg\", \"image-placeholder.jpg\", \"image-placeholder.jpg\", \"image-placeholder.jpg\"], [\"image-placeholder.jpg\", \"image-placeholder.jpg\", \"image-placeholder.jpg\", \"image-placeholder.jpg\", \"image-placeholder.jpg\"], [\"image-placeholder.jpg\", \"image-placeholder.jpg\", \"image-placeholder.jpg\", \"image-placeholder.jpg\", \"image-placeholder.jpg\"], [\"image-placeholder.jpg\", \"image-placeholder.jpg\", \"image-placeholder.jpg\", \"image-placeholder.jpg\", \"image-placeholder.jpg\"]]', 350, 0, 632, 'F', 1, 11, 18, 1),
(85, 'cover-placeholder.jpg', 'urun-ayakkabi-79', 'url-ayakkabi-79', '[\"\", \"\", \"\"]', '[\"30\", \"64\", \"1\", \"123\", \"93\", \"126\", \"33\", \"57\", \"37\", \"1\", \"10\"]', '[\"Beyaz\", \"Siyah\"]', '[[\"image-placeholder.jpg\", \"image-placeholder.jpg\", \"image-placeholder.jpg\", \"image-placeholder.jpg\", \"image-placeholder.jpg\"], [\"image-placeholder.jpg\", \"image-placeholder.jpg\", \"image-placeholder.jpg\", \"image-placeholder.jpg\", \"image-placeholder.jpg\"]]', 342, 0, 575, 'F', 1, 11, 18, 3),
(86, 'cover-placeholder.jpg', 'urun-ayakkabi-80', 'url-ayakkabi-80', '[\"\", \"\", \"\"]', '[\"6\", \"125\", \"36\", \"102\", \"59\", \"4\", \"63\", \"53\", \"7\", \"147\", \"76\"]', '[\"Beyaz\", \"Siyah\", \"Lacivert\", \"Gri\", \"Haki\"]', '[[\"image-placeholder.jpg\", \"image-placeholder.jpg\", \"image-placeholder.jpg\", \"image-placeholder.jpg\", \"image-placeholder.jpg\"], [\"image-placeholder.jpg\", \"image-placeholder.jpg\", \"image-placeholder.jpg\", \"image-placeholder.jpg\", \"image-placeholder.jpg\"], [\"image-placeholder.jpg\", \"image-placeholder.jpg\", \"image-placeholder.jpg\", \"image-placeholder.jpg\", \"image-placeholder.jpg\"], [\"image-placeholder.jpg\", \"image-placeholder.jpg\", \"image-placeholder.jpg\", \"image-placeholder.jpg\", \"image-placeholder.jpg\"], [\"image-placeholder.jpg\", \"image-placeholder.jpg\", \"image-placeholder.jpg\", \"image-placeholder.jpg\", \"image-placeholder.jpg\"]]', 192, 0, 678, 'F', 2, 9, 18, 3),
(87, 'cover-placeholder.jpg', 'urun-ayakkabi-81', 'url-ayakkabi-81', '[\"\", \"\", \"\"]', '[\"46\", \"36\", \"51\", \"7\", \"25\", \"52\", \"120\", \"93\", \"101\", \"142\", \"74\"]', '[\"Beyaz\"]', '[[\"image-placeholder.jpg\", \"image-placeholder.jpg\", \"image-placeholder.jpg\", \"image-placeholder.jpg\", \"image-placeholder.jpg\"]]', 184, 0, 747, 'M', 4, 10, 18, 3),
(88, 'cover-placeholder.jpg', 'urun-ayakkabi-82', 'url-ayakkabi-82', '[\"\", \"\", \"\"]', '[\"143\", \"141\", \"1\", \"100\", \"28\", \"64\", \"99\", \"19\", \"95\", \"106\", \"29\"]', '[\"Beyaz\", \"Siyah\", \"Lacivert\", \"Gri\"]', '[[\"image-placeholder.jpg\", \"image-placeholder.jpg\", \"image-placeholder.jpg\", \"image-placeholder.jpg\", \"image-placeholder.jpg\"], [\"image-placeholder.jpg\", \"image-placeholder.jpg\", \"image-placeholder.jpg\", \"image-placeholder.jpg\", \"image-placeholder.jpg\"], [\"image-placeholder.jpg\", \"image-placeholder.jpg\", \"image-placeholder.jpg\", \"image-placeholder.jpg\", \"image-placeholder.jpg\"], [\"image-placeholder.jpg\", \"image-placeholder.jpg\", \"image-placeholder.jpg\", \"image-placeholder.jpg\", \"image-placeholder.jpg\"]]', 152, 0, 825, 'F', 1, 8, 18, 2),
(89, 'cover-placeholder.jpg', 'urun-ayakkabi-83', 'url-ayakkabi-83', '[\"\", \"\", \"\"]', '[\"97\", \"132\", \"100\", \"14\", \"2\", \"112\", \"37\", \"121\", \"129\", \"86\", \"53\"]', '[\"Beyaz\", \"Siyah\", \"Lacivert\", \"Gri\", \"Haki\"]', '[[\"image-placeholder.jpg\", \"image-placeholder.jpg\", \"image-placeholder.jpg\", \"image-placeholder.jpg\", \"image-placeholder.jpg\"], [\"image-placeholder.jpg\", \"image-placeholder.jpg\", \"image-placeholder.jpg\", \"image-placeholder.jpg\", \"image-placeholder.jpg\"], [\"image-placeholder.jpg\", \"image-placeholder.jpg\", \"image-placeholder.jpg\", \"image-placeholder.jpg\", \"image-placeholder.jpg\"], [\"image-placeholder.jpg\", \"image-placeholder.jpg\", \"image-placeholder.jpg\", \"image-placeholder.jpg\", \"image-placeholder.jpg\"], [\"image-placeholder.jpg\", \"image-placeholder.jpg\", \"image-placeholder.jpg\", \"image-placeholder.jpg\", \"image-placeholder.jpg\"]]', 154, 0, 883, 'M', 1, 9, 18, 2),
(90, 'cover-placeholder.jpg', 'urun-ayakkabi-84', 'url-ayakkabi-84', '[\"\", \"\", \"\"]', '[\"58\", \"59\", \"2\", \"86\", \"149\", \"92\", \"69\", \"145\", \"122\", \"23\", \"147\"]', '[\"Beyaz\", \"Siyah\"]', '[[\"image-placeholder.jpg\", \"image-placeholder.jpg\", \"image-placeholder.jpg\", \"image-placeholder.jpg\", \"image-placeholder.jpg\"], [\"image-placeholder.jpg\", \"image-placeholder.jpg\", \"image-placeholder.jpg\", \"image-placeholder.jpg\", \"image-placeholder.jpg\"]]', 296, 0, 952, 'M', 4, 10, 18, 1),
(91, 'cover-placeholder.jpg', 'urun-ayakkabi-85', 'url-ayakkabi-85', '[\"\", \"\", \"\"]', '[\"63\", \"120\", \"144\", \"16\", \"37\", \"134\", \"131\", \"115\", \"118\", \"5\", \"65\"]', '[\"Beyaz\", \"Siyah\", \"Lacivert\", \"Gri\", \"Haki\"]', '[[\"image-placeholder.jpg\", \"image-placeholder.jpg\", \"image-placeholder.jpg\", \"image-placeholder.jpg\", \"image-placeholder.jpg\"], [\"image-placeholder.jpg\", \"image-placeholder.jpg\", \"image-placeholder.jpg\", \"image-placeholder.jpg\", \"image-placeholder.jpg\"], [\"image-placeholder.jpg\", \"image-placeholder.jpg\", \"image-placeholder.jpg\", \"image-placeholder.jpg\", \"image-placeholder.jpg\"], [\"image-placeholder.jpg\", \"image-placeholder.jpg\", \"image-placeholder.jpg\", \"image-placeholder.jpg\", \"image-placeholder.jpg\"], [\"image-placeholder.jpg\", \"image-placeholder.jpg\", \"image-placeholder.jpg\", \"image-placeholder.jpg\", \"image-placeholder.jpg\"]]', 390, 0, 948, 'F', 3, 10, 18, 3),
(92, 'cover-placeholder.jpg', 'urun-ayakkabi-86', 'url-ayakkabi-86', '[\"\", \"\", \"\"]', '[\"31\", \"140\", \"3\", \"43\", \"74\", \"30\", \"40\", \"48\", \"10\", \"72\", \"47\"]', '[\"Beyaz\", \"Siyah\", \"Lacivert\", \"Gri\"]', '[[\"image-placeholder.jpg\", \"image-placeholder.jpg\", \"image-placeholder.jpg\", \"image-placeholder.jpg\", \"image-placeholder.jpg\"], [\"image-placeholder.jpg\", \"image-placeholder.jpg\", \"image-placeholder.jpg\", \"image-placeholder.jpg\", \"image-placeholder.jpg\"], [\"image-placeholder.jpg\", \"image-placeholder.jpg\", \"image-placeholder.jpg\", \"image-placeholder.jpg\", \"image-placeholder.jpg\"], [\"image-placeholder.jpg\", \"image-placeholder.jpg\", \"image-placeholder.jpg\", \"image-placeholder.jpg\", \"image-placeholder.jpg\"]]', 180, 0, 538, 'M', 1, 10, 18, 2),
(93, 'cover-placeholder.jpg', 'urun-ayakkabi-87', 'url-ayakkabi-87', '[\"\", \"\", \"\"]', '[\"79\", \"121\", \"20\", \"37\", \"84\", \"56\", \"76\", \"96\", \"31\", \"53\", \"49\"]', '[\"Beyaz\", \"Siyah\", \"Lacivert\", \"Gri\"]', '[[\"image-placeholder.jpg\", \"image-placeholder.jpg\", \"image-placeholder.jpg\", \"image-placeholder.jpg\", \"image-placeholder.jpg\"], [\"image-placeholder.jpg\", \"image-placeholder.jpg\", \"image-placeholder.jpg\", \"image-placeholder.jpg\", \"image-placeholder.jpg\"], [\"image-placeholder.jpg\", \"image-placeholder.jpg\", \"image-placeholder.jpg\", \"image-placeholder.jpg\", \"image-placeholder.jpg\"], [\"image-placeholder.jpg\", \"image-placeholder.jpg\", \"image-placeholder.jpg\", \"image-placeholder.jpg\", \"image-placeholder.jpg\"]]', 200, 0, 702, 'F', 3, 11, 18, 3),
(94, 'cover-placeholder.jpg', 'urun-ayakkabi-88', 'url-ayakkabi-88', '[\"\", \"\", \"\"]', '[\"78\", \"70\", \"146\", \"19\", \"4\", \"124\", \"12\", \"126\", \"149\", \"125\", \"44\"]', '[\"Beyaz\", \"Siyah\", \"Lacivert\"]', '[[\"image-placeholder.jpg\", \"image-placeholder.jpg\", \"image-placeholder.jpg\", \"image-placeholder.jpg\", \"image-placeholder.jpg\"], [\"image-placeholder.jpg\", \"image-placeholder.jpg\", \"image-placeholder.jpg\", \"image-placeholder.jpg\", \"image-placeholder.jpg\"], [\"image-placeholder.jpg\", \"image-placeholder.jpg\", \"image-placeholder.jpg\", \"image-placeholder.jpg\", \"image-placeholder.jpg\"]]', 182, 0, 897, 'M', 2, 11, 18, 1),
(95, 'cover-placeholder.jpg', 'urun-ayakkabi-89', 'url-ayakkabi-89', '[\"\", \"\", \"\"]', '[\"115\", \"52\", \"93\", \"131\", \"10\", \"116\", \"70\", \"118\", \"49\", \"41\", \"134\"]', '[\"Beyaz\"]', '[[\"image-placeholder.jpg\", \"image-placeholder.jpg\", \"image-placeholder.jpg\", \"image-placeholder.jpg\", \"image-placeholder.jpg\"]]', 362, 0, 929, 'F', 3, 9, 18, 1),
(96, 'cover-placeholder.jpg', 'urun-ayakkabi-90', 'url-ayakkabi-90', '[\"\", \"\", \"\"]', '[\"87\", \"54\", \"15\", \"12\", \"94\", \"25\", \"93\", \"137\", \"142\", \"40\", \"110\"]', '[\"Beyaz\", \"Siyah\", \"Lacivert\", \"Gri\", \"Haki\"]', '[[\"image-placeholder.jpg\", \"image-placeholder.jpg\", \"image-placeholder.jpg\", \"image-placeholder.jpg\", \"image-placeholder.jpg\"], [\"image-placeholder.jpg\", \"image-placeholder.jpg\", \"image-placeholder.jpg\", \"image-placeholder.jpg\", \"image-placeholder.jpg\"], [\"image-placeholder.jpg\", \"image-placeholder.jpg\", \"image-placeholder.jpg\", \"image-placeholder.jpg\", \"image-placeholder.jpg\"], [\"image-placeholder.jpg\", \"image-placeholder.jpg\", \"image-placeholder.jpg\", \"image-placeholder.jpg\", \"image-placeholder.jpg\"], [\"image-placeholder.jpg\", \"image-placeholder.jpg\", \"image-placeholder.jpg\", \"image-placeholder.jpg\", \"image-placeholder.jpg\"]]', 322, 0, 809, 'M', 3, 10, 18, 2),
(97, 'cover-placeholder.jpg', 'urun-ayakkabi-91', 'url-ayakkabi-91', '[\"\", \"\", \"\"]', '[\"135\", \"73\", \"124\", \"8\", \"124\", \"21\", \"129\", \"114\", \"117\", \"24\", \"32\"]', '[\"Beyaz\", \"Siyah\", \"Lacivert\", \"Gri\", \"Haki\"]', '[[\"image-placeholder.jpg\", \"image-placeholder.jpg\", \"image-placeholder.jpg\", \"image-placeholder.jpg\", \"image-placeholder.jpg\"], [\"image-placeholder.jpg\", \"image-placeholder.jpg\", \"image-placeholder.jpg\", \"image-placeholder.jpg\", \"image-placeholder.jpg\"], [\"image-placeholder.jpg\", \"image-placeholder.jpg\", \"image-placeholder.jpg\", \"image-placeholder.jpg\", \"image-placeholder.jpg\"], [\"image-placeholder.jpg\", \"image-placeholder.jpg\", \"image-placeholder.jpg\", \"image-placeholder.jpg\", \"image-placeholder.jpg\"], [\"image-placeholder.jpg\", \"image-placeholder.jpg\", \"image-placeholder.jpg\", \"image-placeholder.jpg\", \"image-placeholder.jpg\"]]', 256, 0, 901, 'M', 3, 10, 18, 2),
(98, 'cover-placeholder.jpg', 'urun-ayakkabi-92', 'url-ayakkabi-92', '[\"\", \"\", \"\"]', '[\"67\", \"93\", \"21\", \"98\", \"44\", \"42\", \"10\", \"140\", \"140\", \"49\", \"7\"]', '[\"Beyaz\", \"Siyah\", \"Lacivert\"]', '[[\"image-placeholder.jpg\", \"image-placeholder.jpg\", \"image-placeholder.jpg\", \"image-placeholder.jpg\", \"image-placeholder.jpg\"], [\"image-placeholder.jpg\", \"image-placeholder.jpg\", \"image-placeholder.jpg\", \"image-placeholder.jpg\", \"image-placeholder.jpg\"], [\"image-placeholder.jpg\", \"image-placeholder.jpg\", \"image-placeholder.jpg\", \"image-placeholder.jpg\", \"image-placeholder.jpg\"]]', 345, 0, 711, 'F', 1, 10, 18, 2),
(99, 'cover-placeholder.jpg', 'urun-ayakkabi-93', 'url-ayakkabi-93', '[\"\", \"\", \"\"]', '[\"124\", \"64\", \"99\", \"79\", \"22\", \"50\", \"102\", \"93\", \"37\", \"1\", \"23\"]', '[\"Beyaz\"]', '[[\"image-placeholder.jpg\", \"image-placeholder.jpg\", \"image-placeholder.jpg\", \"image-placeholder.jpg\", \"image-placeholder.jpg\"]]', 299, 0, 694, 'M', 4, 9, 18, 1),
(100, 'cover-placeholder.jpg', 'urun-ayakkabi-94', 'url-ayakkabi-94', '[\"\", \"\", \"\"]', '[\"48\", \"5\", \"5\", \"55\", \"134\", \"20\", \"17\", \"14\", \"124\", \"35\", \"142\"]', '[\"Beyaz\", \"Siyah\", \"Lacivert\"]', '[[\"image-placeholder.jpg\", \"image-placeholder.jpg\", \"image-placeholder.jpg\", \"image-placeholder.jpg\", \"image-placeholder.jpg\"], [\"image-placeholder.jpg\", \"image-placeholder.jpg\", \"image-placeholder.jpg\", \"image-placeholder.jpg\", \"image-placeholder.jpg\"], [\"image-placeholder.jpg\", \"image-placeholder.jpg\", \"image-placeholder.jpg\", \"image-placeholder.jpg\", \"image-placeholder.jpg\"]]', 396, 0, 599, 'F', 4, 9, 18, 2),
(101, 'cover-placeholder.jpg', 'urun-ayakkabi-95', 'url-ayakkabi-95', '[\"\", \"\", \"\"]', '[\"81\", \"32\", \"44\", \"135\", \"33\", \"86\", \"79\", \"44\", \"51\", \"147\", \"98\"]', '[\"Beyaz\"]', '[[\"image-placeholder.jpg\", \"image-placeholder.jpg\", \"image-placeholder.jpg\", \"image-placeholder.jpg\", \"image-placeholder.jpg\"]]', 167, 0, 830, 'M', 3, 9, 18, 2),
(102, 'cover-placeholder.jpg', 'urun-ayakkabi-96', 'url-ayakkabi-96', '[\"\", \"\", \"\"]', '[\"117\", \"97\", \"2\", \"17\", \"40\", \"56\", \"102\", \"148\", \"133\", \"67\", \"19\"]', '[\"Beyaz\"]', '[[\"image-placeholder.jpg\", \"image-placeholder.jpg\", \"image-placeholder.jpg\", \"image-placeholder.jpg\", \"image-placeholder.jpg\"]]', 273, 0, 798, 'F', 1, 9, 18, 2),
(103, 'cover-placeholder.jpg', 'urun-ayakkabi-97', 'url-ayakkabi-97', '[\"\", \"\", \"\"]', '[\"133\", \"0\", \"39\", \"79\", \"118\", \"99\", \"92\", \"103\", \"64\", \"143\", \"58\"]', '[\"Beyaz\"]', '[[\"image-placeholder.jpg\", \"image-placeholder.jpg\", \"image-placeholder.jpg\", \"image-placeholder.jpg\", \"image-placeholder.jpg\"]]', 370, 0, 928, 'F', 4, 9, 18, 1),
(104, 'cover-placeholder.jpg', 'urun-ayakkabi-98', 'url-ayakkabi-98', '[\"\", \"\", \"\"]', '[\"91\", \"103\", \"11\", \"106\", \"146\", \"97\", \"30\", \"54\", \"147\", \"86\", \"54\"]', '[\"Beyaz\", \"Siyah\"]', '[[\"image-placeholder.jpg\", \"image-placeholder.jpg\", \"image-placeholder.jpg\", \"image-placeholder.jpg\", \"image-placeholder.jpg\"], [\"image-placeholder.jpg\", \"image-placeholder.jpg\", \"image-placeholder.jpg\", \"image-placeholder.jpg\", \"image-placeholder.jpg\"]]', 206, 0, 925, 'M', 3, 10, 18, 2),
(105, 'cover-placeholder.jpg', 'urun-ayakkabi-99', 'url-ayakkabi-99', '[\"\", \"\", \"\"]', '[\"114\", \"137\", \"120\", \"134\", \"46\", \"4\", \"129\", \"19\", \"92\", \"78\", \"134\"]', '[\"Beyaz\", \"Siyah\", \"Lacivert\", \"Gri\"]', '[[\"image-placeholder.jpg\", \"image-placeholder.jpg\", \"image-placeholder.jpg\", \"image-placeholder.jpg\", \"image-placeholder.jpg\"], [\"image-placeholder.jpg\", \"image-placeholder.jpg\", \"image-placeholder.jpg\", \"image-placeholder.jpg\", \"image-placeholder.jpg\"], [\"image-placeholder.jpg\", \"image-placeholder.jpg\", \"image-placeholder.jpg\", \"image-placeholder.jpg\", \"image-placeholder.jpg\"], [\"image-placeholder.jpg\", \"image-placeholder.jpg\", \"image-placeholder.jpg\", \"image-placeholder.jpg\", \"image-placeholder.jpg\"]]', 362, 0, 1007, 'M', 3, 8, 18, 3),
(106, 'cover-placeholder.jpg', 'urun-t-shirt-0', 'url-t-shirt-0', '[\"\", \"\", \"\", \"\", \"\", \"\", \"\", \"\"]', '[\"113\", \"17\", \"111\", \"77\", \"85\", \"27\", \"57\"]', '[\"Beyaz\", \"Siyah\", \"Lacivert\", \"Gri\"]', '[[\"image-placeholder.jpg\", \"image-placeholder.jpg\", \"image-placeholder.jpg\", \"image-placeholder.jpg\", \"image-placeholder.jpg\"], [\"image-placeholder.jpg\", \"image-placeholder.jpg\", \"image-placeholder.jpg\", \"image-placeholder.jpg\", \"image-placeholder.jpg\"], [\"image-placeholder.jpg\", \"image-placeholder.jpg\", \"image-placeholder.jpg\", \"image-placeholder.jpg\", \"image-placeholder.jpg\"], [\"image-placeholder.jpg\", \"image-placeholder.jpg\", \"image-placeholder.jpg\", \"image-placeholder.jpg\", \"image-placeholder.jpg\"]]', 198, 0, 487, 'F', 2, 9, 19, 3),
(107, 'cover-placeholder.jpg', 'urun-t-shirt-1', 'url-t-shirt-1', '[\"\", \"\", \"\", \"\", \"\", \"\", \"\", \"\"]', '[\"74\", \"18\", \"99\", \"128\", \"18\", \"41\", \"150\"]', '[\"Beyaz\", \"Siyah\", \"Lacivert\", \"Gri\"]', '[[\"image-placeholder.jpg\", \"image-placeholder.jpg\", \"image-placeholder.jpg\", \"image-placeholder.jpg\", \"image-placeholder.jpg\"], [\"image-placeholder.jpg\", \"image-placeholder.jpg\", \"image-placeholder.jpg\", \"image-placeholder.jpg\", \"image-placeholder.jpg\"], [\"image-placeholder.jpg\", \"image-placeholder.jpg\", \"image-placeholder.jpg\", \"image-placeholder.jpg\", \"image-placeholder.jpg\"], [\"image-placeholder.jpg\", \"image-placeholder.jpg\", \"image-placeholder.jpg\", \"image-placeholder.jpg\", \"image-placeholder.jpg\"]]', 310, 0, 528, 'F', 2, 9, 19, 1),
(108, 'cover-placeholder.jpg', 'urun-t-shirt-2', 'url-t-shirt-2', '[\"\", \"\", \"\", \"\", \"\", \"\", \"\", \"\"]', '[\"24\", \"33\", \"37\", \"129\", \"78\", \"73\", \"91\"]', '[\"Beyaz\", \"Siyah\"]', '[[\"image-placeholder.jpg\", \"image-placeholder.jpg\", \"image-placeholder.jpg\", \"image-placeholder.jpg\", \"image-placeholder.jpg\"], [\"image-placeholder.jpg\", \"image-placeholder.jpg\", \"image-placeholder.jpg\", \"image-placeholder.jpg\", \"image-placeholder.jpg\"]]', 373, 0, 465, 'F', 1, 8, 19, 3),
(109, 'cover-placeholder.jpg', 'urun-t-shirt-3', 'url-t-shirt-3', '[\"\", \"\", \"\", \"\", \"\", \"\", \"\", \"\"]', '[\"23\", \"95\", \"27\", \"30\", \"74\", \"67\", \"71\"]', '[\"Beyaz\"]', '[[\"image-placeholder.jpg\", \"image-placeholder.jpg\", \"image-placeholder.jpg\", \"image-placeholder.jpg\", \"image-placeholder.jpg\"]]', 350, 0, 387, 'M', 1, 10, 19, 1),
(110, 'cover-placeholder.jpg', 'urun-t-shirt-4', 'url-t-shirt-4', '[\"\", \"\", \"\", \"\", \"\", \"\", \"\", \"\"]', '[\"101\", \"31\", \"82\", \"19\", \"149\", \"49\", \"53\"]', '[\"Beyaz\"]', '[[\"image-placeholder.jpg\", \"image-placeholder.jpg\", \"image-placeholder.jpg\", \"image-placeholder.jpg\", \"image-placeholder.jpg\"]]', 317, 0, 484, 'F', 4, 10, 19, 3),
(111, 'cover-placeholder.jpg', 'urun-t-shirt-5', 'url-t-shirt-5', '[\"\", \"\", \"\", \"\", \"\", \"\", \"\", \"\"]', '[\"107\", \"41\", \"124\", \"137\", \"141\", \"82\", \"131\"]', '[\"Beyaz\"]', '[[\"image-placeholder.jpg\", \"image-placeholder.jpg\", \"image-placeholder.jpg\", \"image-placeholder.jpg\", \"image-placeholder.jpg\"]]', 319, 0, 763, 'F', 2, 8, 19, 1),
(112, 'cover-placeholder.jpg', 'urun-t-shirt-6', 'url-t-shirt-6', '[\"\", \"\", \"\", \"\", \"\", \"\", \"\", \"\"]', '[\"109\", \"12\", \"103\", \"38\", \"62\", \"70\", \"93\"]', '[\"Beyaz\", \"Siyah\", \"Lacivert\"]', '[[\"image-placeholder.jpg\", \"image-placeholder.jpg\", \"image-placeholder.jpg\", \"image-placeholder.jpg\", \"image-placeholder.jpg\"], [\"image-placeholder.jpg\", \"image-placeholder.jpg\", \"image-placeholder.jpg\", \"image-placeholder.jpg\", \"image-placeholder.jpg\"], [\"image-placeholder.jpg\", \"image-placeholder.jpg\", \"image-placeholder.jpg\", \"image-placeholder.jpg\", \"image-placeholder.jpg\"]]', 258, 0, 487, 'F', 1, 9, 19, 2),
(113, 'cover-placeholder.jpg', 'urun-t-shirt-7', 'url-t-shirt-7', '[\"\", \"\", \"\", \"\", \"\", \"\", \"\", \"\"]', '[\"11\", \"75\", \"46\", \"88\", \"103\", \"31\", \"41\"]', '[\"Beyaz\", \"Siyah\"]', '[[\"image-placeholder.jpg\", \"image-placeholder.jpg\", \"image-placeholder.jpg\", \"image-placeholder.jpg\", \"image-placeholder.jpg\"], [\"image-placeholder.jpg\", \"image-placeholder.jpg\", \"image-placeholder.jpg\", \"image-placeholder.jpg\", \"image-placeholder.jpg\"]]', 313, 0, 395, 'F', 4, 10, 19, 3),
(114, 'cover-placeholder.jpg', 'urun-t-shirt-8', 'url-t-shirt-8', '[\"\", \"\", \"\", \"\", \"\", \"\", \"\", \"\"]', '[\"23\", \"18\", \"132\", \"0\", \"48\", \"49\", \"125\"]', '[\"Beyaz\", \"Siyah\", \"Lacivert\", \"Gri\", \"Haki\"]', '[[\"image-placeholder.jpg\", \"image-placeholder.jpg\", \"image-placeholder.jpg\", \"image-placeholder.jpg\", \"image-placeholder.jpg\"], [\"image-placeholder.jpg\", \"image-placeholder.jpg\", \"image-placeholder.jpg\", \"image-placeholder.jpg\", \"image-placeholder.jpg\"], [\"image-placeholder.jpg\", \"image-placeholder.jpg\", \"image-placeholder.jpg\", \"image-placeholder.jpg\", \"image-placeholder.jpg\"], [\"image-placeholder.jpg\", \"image-placeholder.jpg\", \"image-placeholder.jpg\", \"image-placeholder.jpg\", \"image-placeholder.jpg\"], [\"image-placeholder.jpg\", \"image-placeholder.jpg\", \"image-placeholder.jpg\", \"image-placeholder.jpg\", \"image-placeholder.jpg\"]]', 249, 0, 395, 'F', 4, 8, 19, 3),
(115, 'cover-placeholder.jpg', 'urun-t-shirt-9', 'url-t-shirt-9', '[\"\", \"\", \"\", \"\", \"\", \"\", \"\", \"\"]', '[\"16\", \"60\", \"93\", \"32\", \"13\", \"0\", \"149\"]', '[\"Beyaz\", \"Siyah\", \"Lacivert\", \"Gri\"]', '[[\"image-placeholder.jpg\", \"image-placeholder.jpg\", \"image-placeholder.jpg\", \"image-placeholder.jpg\", \"image-placeholder.jpg\"], [\"image-placeholder.jpg\", \"image-placeholder.jpg\", \"image-placeholder.jpg\", \"image-placeholder.jpg\", \"image-placeholder.jpg\"], [\"image-placeholder.jpg\", \"image-placeholder.jpg\", \"image-placeholder.jpg\", \"image-placeholder.jpg\", \"image-placeholder.jpg\"], [\"image-placeholder.jpg\", \"image-placeholder.jpg\", \"image-placeholder.jpg\", \"image-placeholder.jpg\", \"image-placeholder.jpg\"]]', 280, 0, 363, 'F', 2, 10, 19, 3),
(116, 'cover-placeholder.jpg', 'urun-t-shirt-10', 'url-t-shirt-10', '[\"\", \"\", \"\", \"\", \"\", \"\", \"\", \"\"]', '[\"49\", \"148\", \"115\", \"70\", \"112\", \"13\", \"52\"]', '[\"Beyaz\", \"Siyah\", \"Lacivert\", \"Gri\"]', '[[\"image-placeholder.jpg\", \"image-placeholder.jpg\", \"image-placeholder.jpg\", \"image-placeholder.jpg\", \"image-placeholder.jpg\"], [\"image-placeholder.jpg\", \"image-placeholder.jpg\", \"image-placeholder.jpg\", \"image-placeholder.jpg\", \"image-placeholder.jpg\"], [\"image-placeholder.jpg\", \"image-placeholder.jpg\", \"image-placeholder.jpg\", \"image-placeholder.jpg\", \"image-placeholder.jpg\"], [\"image-placeholder.jpg\", \"image-placeholder.jpg\", \"image-placeholder.jpg\", \"image-placeholder.jpg\", \"image-placeholder.jpg\"]]', 269, 0, 559, 'F', 1, 8, 19, 3),
(117, 'cover-placeholder.jpg', 'urun-t-shirt-11', 'url-t-shirt-11', '[\"\", \"\", \"\", \"\", \"\", \"\", \"\", \"\"]', '[\"108\", \"43\", \"117\", \"50\", \"148\", \"109\", \"112\"]', '[\"Beyaz\"]', '[[\"image-placeholder.jpg\", \"image-placeholder.jpg\", \"image-placeholder.jpg\", \"image-placeholder.jpg\", \"image-placeholder.jpg\"]]', 283, 0, 687, 'M', 4, 11, 19, 1),
(118, 'cover-placeholder.jpg', 'urun-t-shirt-12', 'url-t-shirt-12', '[\"\", \"\", \"\", \"\", \"\", \"\", \"\", \"\"]', '[\"36\", \"118\", \"14\", \"22\", \"101\", \"104\", \"89\"]', '[\"Beyaz\"]', '[[\"image-placeholder.jpg\", \"image-placeholder.jpg\", \"image-placeholder.jpg\", \"image-placeholder.jpg\", \"image-placeholder.jpg\"]]', 337, 0, 484, 'F', 3, 8, 19, 2),
(119, 'cover-placeholder.jpg', 'urun-t-shirt-13', 'url-t-shirt-13', '[\"\", \"\", \"\", \"\", \"\", \"\", \"\", \"\"]', '[\"7\", \"73\", \"49\", \"137\", \"39\", \"43\", \"78\"]', '[\"Beyaz\", \"Siyah\", \"Lacivert\", \"Gri\"]', '[[\"image-placeholder.jpg\", \"image-placeholder.jpg\", \"image-placeholder.jpg\", \"image-placeholder.jpg\", \"image-placeholder.jpg\"], [\"image-placeholder.jpg\", \"image-placeholder.jpg\", \"image-placeholder.jpg\", \"image-placeholder.jpg\", \"image-placeholder.jpg\"], [\"image-placeholder.jpg\", \"image-placeholder.jpg\", \"image-placeholder.jpg\", \"image-placeholder.jpg\", \"image-placeholder.jpg\"], [\"image-placeholder.jpg\", \"image-placeholder.jpg\", \"image-placeholder.jpg\", \"image-placeholder.jpg\", \"image-placeholder.jpg\"]]', 329, 0, 426, 'M', 2, 11, 19, 3),
(120, 'cover-placeholder.jpg', 'urun-t-shirt-14', 'url-t-shirt-14', '[\"\", \"\", \"\", \"\", \"\", \"\", \"\", \"\"]', '[\"39\", \"145\", \"117\", \"59\", \"104\", \"127\", \"35\"]', '[\"Beyaz\", \"Siyah\"]', '[[\"image-placeholder.jpg\", \"image-placeholder.jpg\", \"image-placeholder.jpg\", \"image-placeholder.jpg\", \"image-placeholder.jpg\"], [\"image-placeholder.jpg\", \"image-placeholder.jpg\", \"image-placeholder.jpg\", \"image-placeholder.jpg\", \"image-placeholder.jpg\"]]', 351, 0, 626, 'M', 4, 10, 19, 1),
(121, 'cover-placeholder.jpg', 'urun-t-shirt-15', 'url-t-shirt-15', '[\"\", \"\", \"\", \"\", \"\", \"\", \"\", \"\"]', '[\"30\", \"105\", \"2\", \"13\", \"132\", \"34\", \"66\"]', '[\"Beyaz\", \"Siyah\", \"Lacivert\"]', '[[\"image-placeholder.jpg\", \"image-placeholder.jpg\", \"image-placeholder.jpg\", \"image-placeholder.jpg\", \"image-placeholder.jpg\"], [\"image-placeholder.jpg\", \"image-placeholder.jpg\", \"image-placeholder.jpg\", \"image-placeholder.jpg\", \"image-placeholder.jpg\"], [\"image-placeholder.jpg\", \"image-placeholder.jpg\", \"image-placeholder.jpg\", \"image-placeholder.jpg\", \"image-placeholder.jpg\"]]', 370, 0, 382, 'M', 4, 8, 19, 1),
(122, 'cover-placeholder.jpg', 'urun-t-shirt-16', 'url-t-shirt-16', '[\"\", \"\", \"\", \"\", \"\", \"\", \"\", \"\"]', '[\"32\", \"97\", \"51\", \"103\", \"33\", \"21\", \"63\"]', '[\"Beyaz\", \"Siyah\", \"Lacivert\", \"Gri\"]', '[[\"image-placeholder.jpg\", \"image-placeholder.jpg\", \"image-placeholder.jpg\", \"image-placeholder.jpg\", \"image-placeholder.jpg\"], [\"image-placeholder.jpg\", \"image-placeholder.jpg\", \"image-placeholder.jpg\", \"image-placeholder.jpg\", \"image-placeholder.jpg\"], [\"image-placeholder.jpg\", \"image-placeholder.jpg\", \"image-placeholder.jpg\", \"image-placeholder.jpg\", \"image-placeholder.jpg\"], [\"image-placeholder.jpg\", \"image-placeholder.jpg\", \"image-placeholder.jpg\", \"image-placeholder.jpg\", \"image-placeholder.jpg\"]]', 253, 0, 400, 'F', 4, 10, 19, 2),
(123, 'cover-placeholder.jpg', 'urun-t-shirt-17', 'url-t-shirt-17', '[\"\", \"\", \"\", \"\", \"\", \"\", \"\", \"\"]', '[\"66\", \"119\", \"47\", \"43\", \"124\", \"50\", \"10\"]', '[\"Beyaz\"]', '[[\"image-placeholder.jpg\", \"image-placeholder.jpg\", \"image-placeholder.jpg\", \"image-placeholder.jpg\", \"image-placeholder.jpg\"]]', 289, 0, 459, 'M', 2, 8, 19, 1),
(124, 'cover-placeholder.jpg', 'urun-t-shirt-18', 'url-t-shirt-18', '[\"\", \"\", \"\", \"\", \"\", \"\", \"\", \"\"]', '[\"138\", \"124\", \"72\", \"101\", \"104\", \"25\", \"104\"]', '[\"Beyaz\", \"Siyah\", \"Lacivert\"]', '[[\"image-placeholder.jpg\", \"image-placeholder.jpg\", \"image-placeholder.jpg\", \"image-placeholder.jpg\", \"image-placeholder.jpg\"], [\"image-placeholder.jpg\", \"image-placeholder.jpg\", \"image-placeholder.jpg\", \"image-placeholder.jpg\", \"image-placeholder.jpg\"], [\"image-placeholder.jpg\", \"image-placeholder.jpg\", \"image-placeholder.jpg\", \"image-placeholder.jpg\", \"image-placeholder.jpg\"]]', 196, 0, 668, 'F', 1, 8, 19, 1),
(125, 'cover-placeholder.jpg', 'urun-t-shirt-19', 'url-t-shirt-19', '[\"\", \"\", \"\", \"\", \"\", \"\", \"\", \"\"]', '[\"132\", \"99\", \"33\", \"3\", \"51\", \"147\", \"137\"]', '[\"Beyaz\", \"Siyah\"]', '[[\"image-placeholder.jpg\", \"image-placeholder.jpg\", \"image-placeholder.jpg\", \"image-placeholder.jpg\", \"image-placeholder.jpg\"], [\"image-placeholder.jpg\", \"image-placeholder.jpg\", \"image-placeholder.jpg\", \"image-placeholder.jpg\", \"image-placeholder.jpg\"]]', 336, 0, 602, 'M', 4, 9, 19, 3),
(126, 'cover-placeholder.jpg', 'urun-t-shirt-20', 'url-t-shirt-20', '[\"\", \"\", \"\", \"\", \"\", \"\", \"\", \"\"]', '[\"25\", \"144\", \"15\", \"90\", \"68\", \"0\", \"120\"]', '[\"Beyaz\", \"Siyah\", \"Lacivert\", \"Gri\", \"Haki\"]', '[[\"image-placeholder.jpg\", \"image-placeholder.jpg\", \"image-placeholder.jpg\", \"image-placeholder.jpg\", \"image-placeholder.jpg\"], [\"image-placeholder.jpg\", \"image-placeholder.jpg\", \"image-placeholder.jpg\", \"image-placeholder.jpg\", \"image-placeholder.jpg\"], [\"image-placeholder.jpg\", \"image-placeholder.jpg\", \"image-placeholder.jpg\", \"image-placeholder.jpg\", \"image-placeholder.jpg\"], [\"image-placeholder.jpg\", \"image-placeholder.jpg\", \"image-placeholder.jpg\", \"image-placeholder.jpg\", \"image-placeholder.jpg\"], [\"image-placeholder.jpg\", \"image-placeholder.jpg\", \"image-placeholder.jpg\", \"image-placeholder.jpg\", \"image-placeholder.jpg\"]]', 327, 0, 462, 'M', 3, 8, 19, 3),
(127, 'cover-placeholder.jpg', 'urun-t-shirt-21', 'url-t-shirt-21', '[\"\", \"\", \"\", \"\", \"\", \"\", \"\", \"\"]', '[\"136\", \"146\", \"34\", \"25\", \"23\", \"112\", \"113\"]', '[\"Beyaz\"]', '[[\"image-placeholder.jpg\", \"image-placeholder.jpg\", \"image-placeholder.jpg\", \"image-placeholder.jpg\", \"image-placeholder.jpg\"]]', 328, 0, 589, 'M', 2, 10, 19, 1),
(128, 'cover-placeholder.jpg', 'urun-t-shirt-22', 'url-t-shirt-22', '[\"\", \"\", \"\", \"\", \"\", \"\", \"\", \"\"]', '[\"131\", \"125\", \"118\", \"37\", \"85\", \"40\", \"59\"]', '[\"Beyaz\"]', '[[\"image-placeholder.jpg\", \"image-placeholder.jpg\", \"image-placeholder.jpg\", \"image-placeholder.jpg\", \"image-placeholder.jpg\"]]', 211, 0, 595, 'M', 1, 11, 19, 3),
(129, 'cover-placeholder.jpg', 'urun-t-shirt-23', 'url-t-shirt-23', '[\"\", \"\", \"\", \"\", \"\", \"\", \"\", \"\"]', '[\"52\", \"94\", \"41\", \"10\", \"35\", \"146\", \"25\"]', '[\"Beyaz\", \"Siyah\", \"Lacivert\", \"Gri\", \"Haki\"]', '[[\"image-placeholder.jpg\", \"image-placeholder.jpg\", \"image-placeholder.jpg\", \"image-placeholder.jpg\", \"image-placeholder.jpg\"], [\"image-placeholder.jpg\", \"image-placeholder.jpg\", \"image-placeholder.jpg\", \"image-placeholder.jpg\", \"image-placeholder.jpg\"], [\"image-placeholder.jpg\", \"image-placeholder.jpg\", \"image-placeholder.jpg\", \"image-placeholder.jpg\", \"image-placeholder.jpg\"], [\"image-placeholder.jpg\", \"image-placeholder.jpg\", \"image-placeholder.jpg\", \"image-placeholder.jpg\", \"image-placeholder.jpg\"], [\"image-placeholder.jpg\", \"image-placeholder.jpg\", \"image-placeholder.jpg\", \"image-placeholder.jpg\", \"image-placeholder.jpg\"]]', 310, 0, 403, 'F', 1, 11, 19, 1),
(130, 'cover-placeholder.jpg', 'urun-t-shirt-24', 'url-t-shirt-24', '[\"\", \"\", \"\", \"\", \"\", \"\", \"\", \"\"]', '[\"36\", \"70\", \"149\", \"44\", \"115\", \"133\", \"14\"]', '[\"Beyaz\", \"Siyah\", \"Lacivert\", \"Gri\"]', '[[\"image-placeholder.jpg\", \"image-placeholder.jpg\", \"image-placeholder.jpg\", \"image-placeholder.jpg\", \"image-placeholder.jpg\"], [\"image-placeholder.jpg\", \"image-placeholder.jpg\", \"image-placeholder.jpg\", \"image-placeholder.jpg\", \"image-placeholder.jpg\"], [\"image-placeholder.jpg\", \"image-placeholder.jpg\", \"image-placeholder.jpg\", \"image-placeholder.jpg\", \"image-placeholder.jpg\"], [\"image-placeholder.jpg\", \"image-placeholder.jpg\", \"image-placeholder.jpg\", \"image-placeholder.jpg\", \"image-placeholder.jpg\"]]', 266, 0, 561, 'F', 3, 10, 19, 2),
(131, 'cover-placeholder.jpg', 'urun-t-shirt-25', 'url-t-shirt-25', '[\"\", \"\", \"\", \"\", \"\", \"\", \"\", \"\"]', '[\"61\", \"7\", \"11\", \"46\", \"89\", \"29\", \"88\"]', '[\"Beyaz\"]', '[[\"image-placeholder.jpg\", \"image-placeholder.jpg\", \"image-placeholder.jpg\", \"image-placeholder.jpg\", \"image-placeholder.jpg\"]]', 208, 0, 331, 'M', 2, 11, 19, 3),
(132, 'cover-placeholder.jpg', 'urun-t-shirt-26', 'url-t-shirt-26', '[\"\", \"\", \"\", \"\", \"\", \"\", \"\", \"\"]', '[\"147\", \"121\", \"11\", \"119\", \"77\", \"121\", \"52\"]', '[\"Beyaz\", \"Siyah\", \"Lacivert\"]', '[[\"image-placeholder.jpg\", \"image-placeholder.jpg\", \"image-placeholder.jpg\", \"image-placeholder.jpg\", \"image-placeholder.jpg\"], [\"image-placeholder.jpg\", \"image-placeholder.jpg\", \"image-placeholder.jpg\", \"image-placeholder.jpg\", \"image-placeholder.jpg\"], [\"image-placeholder.jpg\", \"image-placeholder.jpg\", \"image-placeholder.jpg\", \"image-placeholder.jpg\", \"image-placeholder.jpg\"]]', 214, 0, 648, 'M', 3, 9, 19, 2),
(133, 'cover-placeholder.jpg', 'urun-t-shirt-27', 'url-t-shirt-27', '[\"\", \"\", \"\", \"\", \"\", \"\", \"\", \"\"]', '[\"41\", \"86\", \"126\", \"49\", \"5\", \"110\", \"111\"]', '[\"Beyaz\", \"Siyah\", \"Lacivert\"]', '[[\"image-placeholder.jpg\", \"image-placeholder.jpg\", \"image-placeholder.jpg\", \"image-placeholder.jpg\", \"image-placeholder.jpg\"], [\"image-placeholder.jpg\", \"image-placeholder.jpg\", \"image-placeholder.jpg\", \"image-placeholder.jpg\", \"image-placeholder.jpg\"], [\"image-placeholder.jpg\", \"image-placeholder.jpg\", \"image-placeholder.jpg\", \"image-placeholder.jpg\", \"image-placeholder.jpg\"]]', 327, 0, 528, 'M', 1, 8, 19, 3),
(134, 'cover-placeholder.jpg', 'urun-t-shirt-28', 'url-t-shirt-28', '[\"\", \"\", \"\", \"\", \"\", \"\", \"\", \"\"]', '[\"60\", \"47\", \"13\", \"37\", \"83\", \"90\", \"132\"]', '[\"Beyaz\", \"Siyah\", \"Lacivert\"]', '[[\"image-placeholder.jpg\", \"image-placeholder.jpg\", \"image-placeholder.jpg\", \"image-placeholder.jpg\", \"image-placeholder.jpg\"], [\"image-placeholder.jpg\", \"image-placeholder.jpg\", \"image-placeholder.jpg\", \"image-placeholder.jpg\", \"image-placeholder.jpg\"], [\"image-placeholder.jpg\", \"image-placeholder.jpg\", \"image-placeholder.jpg\", \"image-placeholder.jpg\", \"image-placeholder.jpg\"]]', 235, 0, 462, 'M', 1, 9, 19, 2),
(135, 'cover-placeholder.jpg', 'urun-t-shirt-29', 'url-t-shirt-29', '[\"\", \"\", \"\", \"\", \"\", \"\", \"\", \"\"]', '[\"117\", \"55\", \"69\", \"27\", \"96\", \"97\", \"79\"]', '[\"Beyaz\", \"Siyah\", \"Lacivert\", \"Gri\"]', '[[\"image-placeholder.jpg\", \"image-placeholder.jpg\", \"image-placeholder.jpg\", \"image-placeholder.jpg\", \"image-placeholder.jpg\"], [\"image-placeholder.jpg\", \"image-placeholder.jpg\", \"image-placeholder.jpg\", \"image-placeholder.jpg\", \"image-placeholder.jpg\"], [\"image-placeholder.jpg\", \"image-placeholder.jpg\", \"image-placeholder.jpg\", \"image-placeholder.jpg\", \"image-placeholder.jpg\"], [\"image-placeholder.jpg\", \"image-placeholder.jpg\", \"image-placeholder.jpg\", \"image-placeholder.jpg\", \"image-placeholder.jpg\"]]', 160, 0, 540, 'M', 4, 9, 19, 1),
(136, 'cover-placeholder.jpg', 'urun-t-shirt-30', 'url-t-shirt-30', '[\"\", \"\", \"\", \"\", \"\", \"\", \"\", \"\"]', '[\"67\", \"0\", \"71\", \"123\", \"21\", \"39\", \"143\"]', '[\"Beyaz\", \"Siyah\", \"Lacivert\", \"Gri\", \"Haki\"]', '[[\"image-placeholder.jpg\", \"image-placeholder.jpg\", \"image-placeholder.jpg\", \"image-placeholder.jpg\", \"image-placeholder.jpg\"], [\"image-placeholder.jpg\", \"image-placeholder.jpg\", \"image-placeholder.jpg\", \"image-placeholder.jpg\", \"image-placeholder.jpg\"], [\"image-placeholder.jpg\", \"image-placeholder.jpg\", \"image-placeholder.jpg\", \"image-placeholder.jpg\", \"image-placeholder.jpg\"], [\"image-placeholder.jpg\", \"image-placeholder.jpg\", \"image-placeholder.jpg\", \"image-placeholder.jpg\", \"image-placeholder.jpg\"], [\"image-placeholder.jpg\", \"image-placeholder.jpg\", \"image-placeholder.jpg\", \"image-placeholder.jpg\", \"image-placeholder.jpg\"]]', 388, 0, 464, 'M', 1, 10, 19, 2),
(137, 'cover-placeholder.jpg', 'urun-t-shirt-31', 'url-t-shirt-31', '[\"\", \"\", \"\", \"\", \"\", \"\", \"\", \"\"]', '[\"60\", \"127\", \"127\", \"13\", \"97\", \"20\", \"35\"]', '[\"Beyaz\", \"Siyah\", \"Lacivert\"]', '[[\"image-placeholder.jpg\", \"image-placeholder.jpg\", \"image-placeholder.jpg\", \"image-placeholder.jpg\", \"image-placeholder.jpg\"], [\"image-placeholder.jpg\", \"image-placeholder.jpg\", \"image-placeholder.jpg\", \"image-placeholder.jpg\", \"image-placeholder.jpg\"], [\"image-placeholder.jpg\", \"image-placeholder.jpg\", \"image-placeholder.jpg\", \"image-placeholder.jpg\", \"image-placeholder.jpg\"]]', 187, 0, 479, 'M', 1, 11, 19, 1),
(138, 'cover-placeholder.jpg', 'urun-t-shirt-32', 'url-t-shirt-32', '[\"\", \"\", \"\", \"\", \"\", \"\", \"\", \"\"]', '[\"112\", \"37\", \"105\", \"147\", \"87\", \"64\", \"46\"]', '[\"Beyaz\", \"Siyah\"]', '[[\"image-placeholder.jpg\", \"image-placeholder.jpg\", \"image-placeholder.jpg\", \"image-placeholder.jpg\", \"image-placeholder.jpg\"], [\"image-placeholder.jpg\", \"image-placeholder.jpg\", \"image-placeholder.jpg\", \"image-placeholder.jpg\", \"image-placeholder.jpg\"]]', 295, 0, 598, 'F', 4, 8, 19, 2),
(139, 'cover-placeholder.jpg', 'urun-t-shirt-33', 'url-t-shirt-33', '[\"\", \"\", \"\", \"\", \"\", \"\", \"\", \"\"]', '[\"66\", \"116\", \"76\", \"113\", \"115\", \"43\", \"67\"]', '[\"Beyaz\"]', '[[\"image-placeholder.jpg\", \"image-placeholder.jpg\", \"image-placeholder.jpg\", \"image-placeholder.jpg\", \"image-placeholder.jpg\"]]', 170, 0, 596, 'F', 1, 9, 19, 2),
(140, 'cover-placeholder.jpg', 'urun-t-shirt-34', 'url-t-shirt-34', '[\"\", \"\", \"\", \"\", \"\", \"\", \"\", \"\"]', '[\"150\", \"104\", \"49\", \"48\", \"115\", \"74\", \"73\"]', '[\"Beyaz\", \"Siyah\", \"Lacivert\", \"Gri\"]', '[[\"image-placeholder.jpg\", \"image-placeholder.jpg\", \"image-placeholder.jpg\", \"image-placeholder.jpg\", \"image-placeholder.jpg\"], [\"image-placeholder.jpg\", \"image-placeholder.jpg\", \"image-placeholder.jpg\", \"image-placeholder.jpg\", \"image-placeholder.jpg\"], [\"image-placeholder.jpg\", \"image-placeholder.jpg\", \"image-placeholder.jpg\", \"image-placeholder.jpg\", \"image-placeholder.jpg\"], [\"image-placeholder.jpg\", \"image-placeholder.jpg\", \"image-placeholder.jpg\", \"image-placeholder.jpg\", \"image-placeholder.jpg\"]]', 195, 0, 613, 'M', 2, 11, 19, 1),
(141, 'cover-placeholder.jpg', 'urun-t-shirt-35', 'url-t-shirt-35', '[\"\", \"\", \"\", \"\", \"\", \"\", \"\", \"\"]', '[\"141\", \"47\", \"59\", \"61\", \"22\", \"82\", \"50\"]', '[\"Beyaz\", \"Siyah\"]', '[[\"image-placeholder.jpg\", \"image-placeholder.jpg\", \"image-placeholder.jpg\", \"image-placeholder.jpg\", \"image-placeholder.jpg\"], [\"image-placeholder.jpg\", \"image-placeholder.jpg\", \"image-placeholder.jpg\", \"image-placeholder.jpg\", \"image-placeholder.jpg\"]]', 263, 0, 462, 'M', 3, 8, 19, 3),
(142, 'cover-placeholder.jpg', 'urun-t-shirt-36', 'url-t-shirt-36', '[\"\", \"\", \"\", \"\", \"\", \"\", \"\", \"\"]', '[\"96\", \"120\", \"133\", \"136\", \"17\", \"133\", \"25\"]', '[\"Beyaz\", \"Siyah\", \"Lacivert\", \"Gri\"]', '[[\"image-placeholder.jpg\", \"image-placeholder.jpg\", \"image-placeholder.jpg\", \"image-placeholder.jpg\", \"image-placeholder.jpg\"], [\"image-placeholder.jpg\", \"image-placeholder.jpg\", \"image-placeholder.jpg\", \"image-placeholder.jpg\", \"image-placeholder.jpg\"], [\"image-placeholder.jpg\", \"image-placeholder.jpg\", \"image-placeholder.jpg\", \"image-placeholder.jpg\", \"image-placeholder.jpg\"], [\"image-placeholder.jpg\", \"image-placeholder.jpg\", \"image-placeholder.jpg\", \"image-placeholder.jpg\", \"image-placeholder.jpg\"]]', 389, 0, 660, 'F', 4, 10, 19, 2),
(143, 'cover-placeholder.jpg', 'urun-t-shirt-37', 'url-t-shirt-37', '[\"\", \"\", \"\", \"\", \"\", \"\", \"\", \"\"]', '[\"100\", \"11\", \"17\", \"103\", \"47\", \"133\", \"105\"]', '[\"Beyaz\"]', '[[\"image-placeholder.jpg\", \"image-placeholder.jpg\", \"image-placeholder.jpg\", \"image-placeholder.jpg\", \"image-placeholder.jpg\"]]', 361, 0, 516, 'F', 2, 11, 19, 1),
(144, 'cover-placeholder.jpg', 'urun-t-shirt-38', 'url-t-shirt-38', '[\"\", \"\", \"\", \"\", \"\", \"\", \"\", \"\"]', '[\"12\", \"78\", \"77\", \"130\", \"4\", \"80\", \"6\"]', '[\"Beyaz\", \"Siyah\", \"Lacivert\", \"Gri\", \"Haki\"]', '[[\"image-placeholder.jpg\", \"image-placeholder.jpg\", \"image-placeholder.jpg\", \"image-placeholder.jpg\", \"image-placeholder.jpg\"], [\"image-placeholder.jpg\", \"image-placeholder.jpg\", \"image-placeholder.jpg\", \"image-placeholder.jpg\", \"image-placeholder.jpg\"], [\"image-placeholder.jpg\", \"image-placeholder.jpg\", \"image-placeholder.jpg\", \"image-placeholder.jpg\", \"image-placeholder.jpg\"], [\"image-placeholder.jpg\", \"image-placeholder.jpg\", \"image-placeholder.jpg\", \"image-placeholder.jpg\", \"image-placeholder.jpg\"], [\"image-placeholder.jpg\", \"image-placeholder.jpg\", \"image-placeholder.jpg\", \"image-placeholder.jpg\", \"image-placeholder.jpg\"]]', 172, 0, 387, 'F', 2, 9, 19, 1),
(145, 'cover-placeholder.jpg', 'urun-t-shirt-39', 'url-t-shirt-39', '[\"\", \"\", \"\", \"\", \"\", \"\", \"\", \"\"]', '[\"67\", \"3\", \"125\", \"99\", \"109\", \"93\", \"19\"]', '[\"Beyaz\", \"Siyah\", \"Lacivert\"]', '[[\"image-placeholder.jpg\", \"image-placeholder.jpg\", \"image-placeholder.jpg\", \"image-placeholder.jpg\", \"image-placeholder.jpg\"], [\"image-placeholder.jpg\", \"image-placeholder.jpg\", \"image-placeholder.jpg\", \"image-placeholder.jpg\", \"image-placeholder.jpg\"], [\"image-placeholder.jpg\", \"image-placeholder.jpg\", \"image-placeholder.jpg\", \"image-placeholder.jpg\", \"image-placeholder.jpg\"]]', 399, 0, 515, 'F', 2, 9, 19, 2),
(146, 'cover-placeholder.jpg', 'urun-t-shirt-40', 'url-t-shirt-40', '[\"\", \"\", \"\", \"\", \"\", \"\", \"\", \"\"]', '[\"55\", \"145\", \"53\", \"97\", \"98\", \"53\", \"143\"]', '[\"Beyaz\", \"Siyah\", \"Lacivert\", \"Gri\"]', '[[\"image-placeholder.jpg\", \"image-placeholder.jpg\", \"image-placeholder.jpg\", \"image-placeholder.jpg\", \"image-placeholder.jpg\"], [\"image-placeholder.jpg\", \"image-placeholder.jpg\", \"image-placeholder.jpg\", \"image-placeholder.jpg\", \"image-placeholder.jpg\"], [\"image-placeholder.jpg\", \"image-placeholder.jpg\", \"image-placeholder.jpg\", \"image-placeholder.jpg\", \"image-placeholder.jpg\"], [\"image-placeholder.jpg\", \"image-placeholder.jpg\", \"image-placeholder.jpg\", \"image-placeholder.jpg\", \"image-placeholder.jpg\"]]', 214, 0, 644, 'M', 3, 11, 19, 2),
(147, 'cover-placeholder.jpg', 'urun-t-shirt-41', 'url-t-shirt-41', '[\"\", \"\", \"\", \"\", \"\", \"\", \"\", \"\"]', '[\"35\", \"133\", \"137\", \"37\", \"75\", \"37\", \"117\"]', '[\"Beyaz\"]', '[[\"image-placeholder.jpg\", \"image-placeholder.jpg\", \"image-placeholder.jpg\", \"image-placeholder.jpg\", \"image-placeholder.jpg\"]]', 224, 0, 571, 'M', 3, 10, 19, 3),
(148, 'cover-placeholder.jpg', 'urun-t-shirt-42', 'url-t-shirt-42', '[\"\", \"\", \"\", \"\", \"\", \"\", \"\", \"\"]', '[\"46\", \"122\", \"79\", \"117\", \"31\", \"85\", \"74\"]', '[\"Beyaz\"]', '[[\"image-placeholder.jpg\", \"image-placeholder.jpg\", \"image-placeholder.jpg\", \"image-placeholder.jpg\", \"image-placeholder.jpg\"]]', 230, 0, 554, 'F', 3, 8, 19, 1),
(149, 'cover-placeholder.jpg', 'urun-t-shirt-43', 'url-t-shirt-43', '[\"\", \"\", \"\", \"\", \"\", \"\", \"\", \"\"]', '[\"136\", \"42\", \"76\", \"88\", \"89\", \"149\", \"127\"]', '[\"Beyaz\", \"Siyah\"]', '[[\"image-placeholder.jpg\", \"image-placeholder.jpg\", \"image-placeholder.jpg\", \"image-placeholder.jpg\", \"image-placeholder.jpg\"], [\"image-placeholder.jpg\", \"image-placeholder.jpg\", \"image-placeholder.jpg\", \"image-placeholder.jpg\", \"image-placeholder.jpg\"]]', 257, 0, 707, 'M', 1, 10, 19, 1),
(150, 'cover-placeholder.jpg', 'urun-t-shirt-44', 'url-t-shirt-44', '[\"\", \"\", \"\", \"\", \"\", \"\", \"\", \"\"]', '[\"19\", \"114\", \"2\", \"28\", \"115\", \"13\", \"11\"]', '[\"Beyaz\", \"Siyah\", \"Lacivert\", \"Gri\", \"Haki\"]', '[[\"image-placeholder.jpg\", \"image-placeholder.jpg\", \"image-placeholder.jpg\", \"image-placeholder.jpg\", \"image-placeholder.jpg\"], [\"image-placeholder.jpg\", \"image-placeholder.jpg\", \"image-placeholder.jpg\", \"image-placeholder.jpg\", \"image-placeholder.jpg\"], [\"image-placeholder.jpg\", \"image-placeholder.jpg\", \"image-placeholder.jpg\", \"image-placeholder.jpg\", \"image-placeholder.jpg\"], [\"image-placeholder.jpg\", \"image-placeholder.jpg\", \"image-placeholder.jpg\", \"image-placeholder.jpg\", \"image-placeholder.jpg\"], [\"image-placeholder.jpg\", \"image-placeholder.jpg\", \"image-placeholder.jpg\", \"image-placeholder.jpg\", \"image-placeholder.jpg\"]]', 179, 0, 302, 'F', 4, 11, 19, 2);
INSERT INTO `product` (`ProductId`, `Cover`, `Name`, `Url`, `Details`, `Size`, `Colors`, `Images`, `Price`, `Discount`, `Stock`, `Gender`, `SeasonId`, `AgeId`, `CategoryId`, `StyleId`) VALUES
(151, 'cover-placeholder.jpg', 'urun-t-shirt-45', 'url-t-shirt-45', '[\"\", \"\", \"\", \"\", \"\", \"\", \"\", \"\"]', '[\"31\", \"8\", \"86\", \"28\", \"76\", \"38\", \"86\"]', '[\"Beyaz\", \"Siyah\", \"Lacivert\", \"Gri\", \"Haki\"]', '[[\"image-placeholder.jpg\", \"image-placeholder.jpg\", \"image-placeholder.jpg\", \"image-placeholder.jpg\", \"image-placeholder.jpg\"], [\"image-placeholder.jpg\", \"image-placeholder.jpg\", \"image-placeholder.jpg\", \"image-placeholder.jpg\", \"image-placeholder.jpg\"], [\"image-placeholder.jpg\", \"image-placeholder.jpg\", \"image-placeholder.jpg\", \"image-placeholder.jpg\", \"image-placeholder.jpg\"], [\"image-placeholder.jpg\", \"image-placeholder.jpg\", \"image-placeholder.jpg\", \"image-placeholder.jpg\", \"image-placeholder.jpg\"], [\"image-placeholder.jpg\", \"image-placeholder.jpg\", \"image-placeholder.jpg\", \"image-placeholder.jpg\", \"image-placeholder.jpg\"]]', 391, 0, 353, 'M', 3, 11, 19, 3),
(152, 'cover-placeholder.jpg', 'urun-t-shirt-46', 'url-t-shirt-46', '[\"\", \"\", \"\", \"\", \"\", \"\", \"\", \"\"]', '[\"13\", \"94\", \"148\", \"122\", \"118\", \"98\", \"86\"]', '[\"Beyaz\", \"Siyah\", \"Lacivert\", \"Gri\"]', '[[\"image-placeholder.jpg\", \"image-placeholder.jpg\", \"image-placeholder.jpg\", \"image-placeholder.jpg\", \"image-placeholder.jpg\"], [\"image-placeholder.jpg\", \"image-placeholder.jpg\", \"image-placeholder.jpg\", \"image-placeholder.jpg\", \"image-placeholder.jpg\"], [\"image-placeholder.jpg\", \"image-placeholder.jpg\", \"image-placeholder.jpg\", \"image-placeholder.jpg\", \"image-placeholder.jpg\"], [\"image-placeholder.jpg\", \"image-placeholder.jpg\", \"image-placeholder.jpg\", \"image-placeholder.jpg\", \"image-placeholder.jpg\"]]', 258, 0, 679, 'M', 2, 10, 19, 1),
(153, 'cover-placeholder.jpg', 'urun-t-shirt-47', 'url-t-shirt-47', '[\"\", \"\", \"\", \"\", \"\", \"\", \"\", \"\"]', '[\"16\", \"131\", \"95\", \"60\", \"38\", \"8\", \"109\"]', '[\"Beyaz\"]', '[[\"image-placeholder.jpg\", \"image-placeholder.jpg\", \"image-placeholder.jpg\", \"image-placeholder.jpg\", \"image-placeholder.jpg\"]]', 367, 0, 457, 'F', 1, 9, 19, 3),
(154, 'cover-placeholder.jpg', 'urun-t-shirt-48', 'url-t-shirt-48', '[\"\", \"\", \"\", \"\", \"\", \"\", \"\", \"\"]', '[\"140\", \"18\", \"85\", \"81\", \"37\", \"92\", \"73\"]', '[\"Beyaz\", \"Siyah\", \"Lacivert\", \"Gri\", \"Haki\"]', '[[\"image-placeholder.jpg\", \"image-placeholder.jpg\", \"image-placeholder.jpg\", \"image-placeholder.jpg\", \"image-placeholder.jpg\"], [\"image-placeholder.jpg\", \"image-placeholder.jpg\", \"image-placeholder.jpg\", \"image-placeholder.jpg\", \"image-placeholder.jpg\"], [\"image-placeholder.jpg\", \"image-placeholder.jpg\", \"image-placeholder.jpg\", \"image-placeholder.jpg\", \"image-placeholder.jpg\"], [\"image-placeholder.jpg\", \"image-placeholder.jpg\", \"image-placeholder.jpg\", \"image-placeholder.jpg\", \"image-placeholder.jpg\"], [\"image-placeholder.jpg\", \"image-placeholder.jpg\", \"image-placeholder.jpg\", \"image-placeholder.jpg\", \"image-placeholder.jpg\"]]', 311, 0, 526, 'F', 3, 11, 19, 2),
(155, 'cover-placeholder.jpg', 'urun-t-shirt-49', 'url-t-shirt-49', '[\"\", \"\", \"\", \"\", \"\", \"\", \"\", \"\"]', '[\"53\", \"45\", \"147\", \"15\", \"57\", \"117\", \"123\"]', '[\"Beyaz\", \"Siyah\", \"Lacivert\", \"Gri\", \"Haki\"]', '[[\"image-placeholder.jpg\", \"image-placeholder.jpg\", \"image-placeholder.jpg\", \"image-placeholder.jpg\", \"image-placeholder.jpg\"], [\"image-placeholder.jpg\", \"image-placeholder.jpg\", \"image-placeholder.jpg\", \"image-placeholder.jpg\", \"image-placeholder.jpg\"], [\"image-placeholder.jpg\", \"image-placeholder.jpg\", \"image-placeholder.jpg\", \"image-placeholder.jpg\", \"image-placeholder.jpg\"], [\"image-placeholder.jpg\", \"image-placeholder.jpg\", \"image-placeholder.jpg\", \"image-placeholder.jpg\", \"image-placeholder.jpg\"], [\"image-placeholder.jpg\", \"image-placeholder.jpg\", \"image-placeholder.jpg\", \"image-placeholder.jpg\", \"image-placeholder.jpg\"]]', 166, 0, 557, 'M', 1, 9, 19, 3),
(156, 'cover-placeholder.jpg', 'urun-t-shirt-50', 'url-t-shirt-50', '[\"\", \"\", \"\", \"\", \"\", \"\", \"\", \"\"]', '[\"137\", \"131\", \"101\", \"74\", \"150\", \"107\", \"114\"]', '[\"Beyaz\", \"Siyah\", \"Lacivert\", \"Gri\"]', '[[\"image-placeholder.jpg\", \"image-placeholder.jpg\", \"image-placeholder.jpg\", \"image-placeholder.jpg\", \"image-placeholder.jpg\"], [\"image-placeholder.jpg\", \"image-placeholder.jpg\", \"image-placeholder.jpg\", \"image-placeholder.jpg\", \"image-placeholder.jpg\"], [\"image-placeholder.jpg\", \"image-placeholder.jpg\", \"image-placeholder.jpg\", \"image-placeholder.jpg\", \"image-placeholder.jpg\"], [\"image-placeholder.jpg\", \"image-placeholder.jpg\", \"image-placeholder.jpg\", \"image-placeholder.jpg\", \"image-placeholder.jpg\"]]', 321, 0, 814, 'F', 4, 8, 19, 3),
(157, 'cover-placeholder.jpg', 'urun-t-shirt-51', 'url-t-shirt-51', '[\"\", \"\", \"\", \"\", \"\", \"\", \"\", \"\"]', '[\"40\", \"61\", \"56\", \"7\", \"99\", \"45\", \"29\"]', '[\"Beyaz\", \"Siyah\"]', '[[\"image-placeholder.jpg\", \"image-placeholder.jpg\", \"image-placeholder.jpg\", \"image-placeholder.jpg\", \"image-placeholder.jpg\"], [\"image-placeholder.jpg\", \"image-placeholder.jpg\", \"image-placeholder.jpg\", \"image-placeholder.jpg\", \"image-placeholder.jpg\"]]', 320, 0, 337, 'F', 2, 11, 19, 1),
(158, 'cover-placeholder.jpg', 'urun-t-shirt-52', 'url-t-shirt-52', '[\"\", \"\", \"\", \"\", \"\", \"\", \"\", \"\"]', '[\"146\", \"128\", \"54\", \"18\", \"136\", \"145\", \"57\"]', '[\"Beyaz\", \"Siyah\", \"Lacivert\"]', '[[\"image-placeholder.jpg\", \"image-placeholder.jpg\", \"image-placeholder.jpg\", \"image-placeholder.jpg\", \"image-placeholder.jpg\"], [\"image-placeholder.jpg\", \"image-placeholder.jpg\", \"image-placeholder.jpg\", \"image-placeholder.jpg\", \"image-placeholder.jpg\"], [\"image-placeholder.jpg\", \"image-placeholder.jpg\", \"image-placeholder.jpg\", \"image-placeholder.jpg\", \"image-placeholder.jpg\"]]', 381, 0, 684, 'F', 2, 10, 19, 1),
(159, 'cover-placeholder.jpg', 'urun-t-shirt-53', 'url-t-shirt-53', '[\"\", \"\", \"\", \"\", \"\", \"\", \"\", \"\"]', '[\"128\", \"112\", \"18\", \"58\", \"9\", \"143\", \"21\"]', '[\"Beyaz\", \"Siyah\", \"Lacivert\"]', '[[\"image-placeholder.jpg\", \"image-placeholder.jpg\", \"image-placeholder.jpg\", \"image-placeholder.jpg\", \"image-placeholder.jpg\"], [\"image-placeholder.jpg\", \"image-placeholder.jpg\", \"image-placeholder.jpg\", \"image-placeholder.jpg\", \"image-placeholder.jpg\"], [\"image-placeholder.jpg\", \"image-placeholder.jpg\", \"image-placeholder.jpg\", \"image-placeholder.jpg\", \"image-placeholder.jpg\"]]', 216, 0, 489, 'M', 2, 9, 19, 1),
(160, 'cover-placeholder.jpg', 'urun-t-shirt-54', 'url-t-shirt-54', '[\"\", \"\", \"\", \"\", \"\", \"\", \"\", \"\"]', '[\"32\", \"66\", \"15\", \"131\", \"25\", \"73\", \"35\"]', '[\"Beyaz\", \"Siyah\", \"Lacivert\", \"Gri\", \"Haki\"]', '[[\"image-placeholder.jpg\", \"image-placeholder.jpg\", \"image-placeholder.jpg\", \"image-placeholder.jpg\", \"image-placeholder.jpg\"], [\"image-placeholder.jpg\", \"image-placeholder.jpg\", \"image-placeholder.jpg\", \"image-placeholder.jpg\", \"image-placeholder.jpg\"], [\"image-placeholder.jpg\", \"image-placeholder.jpg\", \"image-placeholder.jpg\", \"image-placeholder.jpg\", \"image-placeholder.jpg\"], [\"image-placeholder.jpg\", \"image-placeholder.jpg\", \"image-placeholder.jpg\", \"image-placeholder.jpg\", \"image-placeholder.jpg\"], [\"image-placeholder.jpg\", \"image-placeholder.jpg\", \"image-placeholder.jpg\", \"image-placeholder.jpg\", \"image-placeholder.jpg\"]]', 237, 0, 377, 'M', 3, 10, 19, 1),
(161, 'cover-placeholder.jpg', 'urun-t-shirt-55', 'url-t-shirt-55', '[\"\", \"\", \"\", \"\", \"\", \"\", \"\", \"\"]', '[\"105\", \"41\", \"124\", \"123\", \"83\", \"122\", \"43\"]', '[\"Beyaz\", \"Siyah\", \"Lacivert\", \"Gri\"]', '[[\"image-placeholder.jpg\", \"image-placeholder.jpg\", \"image-placeholder.jpg\", \"image-placeholder.jpg\", \"image-placeholder.jpg\"], [\"image-placeholder.jpg\", \"image-placeholder.jpg\", \"image-placeholder.jpg\", \"image-placeholder.jpg\", \"image-placeholder.jpg\"], [\"image-placeholder.jpg\", \"image-placeholder.jpg\", \"image-placeholder.jpg\", \"image-placeholder.jpg\", \"image-placeholder.jpg\"], [\"image-placeholder.jpg\", \"image-placeholder.jpg\", \"image-placeholder.jpg\", \"image-placeholder.jpg\", \"image-placeholder.jpg\"]]', 234, 0, 641, 'F', 3, 10, 19, 1),
(162, 'cover-placeholder.jpg', 'urun-t-shirt-56', 'url-t-shirt-56', '[\"\", \"\", \"\", \"\", \"\", \"\", \"\", \"\"]', '[\"42\", \"140\", \"75\", \"41\", \"104\", \"83\", \"11\"]', '[\"Beyaz\", \"Siyah\"]', '[[\"image-placeholder.jpg\", \"image-placeholder.jpg\", \"image-placeholder.jpg\", \"image-placeholder.jpg\", \"image-placeholder.jpg\"], [\"image-placeholder.jpg\", \"image-placeholder.jpg\", \"image-placeholder.jpg\", \"image-placeholder.jpg\", \"image-placeholder.jpg\"]]', 201, 0, 496, 'F', 2, 9, 19, 3),
(163, 'cover-placeholder.jpg', 'urun-t-shirt-57', 'url-t-shirt-57', '[\"\", \"\", \"\", \"\", \"\", \"\", \"\", \"\"]', '[\"130\", \"36\", \"60\", \"16\", \"13\", \"6\", \"28\"]', '[\"Beyaz\", \"Siyah\", \"Lacivert\", \"Gri\"]', '[[\"image-placeholder.jpg\", \"image-placeholder.jpg\", \"image-placeholder.jpg\", \"image-placeholder.jpg\", \"image-placeholder.jpg\"], [\"image-placeholder.jpg\", \"image-placeholder.jpg\", \"image-placeholder.jpg\", \"image-placeholder.jpg\", \"image-placeholder.jpg\"], [\"image-placeholder.jpg\", \"image-placeholder.jpg\", \"image-placeholder.jpg\", \"image-placeholder.jpg\", \"image-placeholder.jpg\"], [\"image-placeholder.jpg\", \"image-placeholder.jpg\", \"image-placeholder.jpg\", \"image-placeholder.jpg\", \"image-placeholder.jpg\"]]', 388, 0, 289, 'F', 1, 9, 19, 2),
(164, 'cover-placeholder.jpg', 'urun-t-shirt-58', 'url-t-shirt-58', '[\"\", \"\", \"\", \"\", \"\", \"\", \"\", \"\"]', '[\"131\", \"61\", \"43\", \"70\", \"85\", \"99\", \"92\"]', '[\"Beyaz\", \"Siyah\", \"Lacivert\"]', '[[\"image-placeholder.jpg\", \"image-placeholder.jpg\", \"image-placeholder.jpg\", \"image-placeholder.jpg\", \"image-placeholder.jpg\"], [\"image-placeholder.jpg\", \"image-placeholder.jpg\", \"image-placeholder.jpg\", \"image-placeholder.jpg\", \"image-placeholder.jpg\"], [\"image-placeholder.jpg\", \"image-placeholder.jpg\", \"image-placeholder.jpg\", \"image-placeholder.jpg\", \"image-placeholder.jpg\"]]', 181, 0, 581, 'M', 4, 11, 19, 3),
(165, 'cover-placeholder.jpg', 'urun-t-shirt-59', 'url-t-shirt-59', '[\"\", \"\", \"\", \"\", \"\", \"\", \"\", \"\"]', '[\"15\", \"116\", \"145\", \"52\", \"43\", \"70\", \"48\"]', '[\"Beyaz\"]', '[[\"image-placeholder.jpg\", \"image-placeholder.jpg\", \"image-placeholder.jpg\", \"image-placeholder.jpg\", \"image-placeholder.jpg\"]]', 356, 0, 489, 'M', 1, 9, 19, 2),
(166, 'cover-placeholder.jpg', 'urun-t-shirt-60', 'url-t-shirt-60', '[\"\", \"\", \"\", \"\", \"\", \"\", \"\", \"\"]', '[\"123\", \"143\", \"104\", \"37\", \"128\", \"64\", \"61\"]', '[\"Beyaz\", \"Siyah\", \"Lacivert\"]', '[[\"image-placeholder.jpg\", \"image-placeholder.jpg\", \"image-placeholder.jpg\", \"image-placeholder.jpg\", \"image-placeholder.jpg\"], [\"image-placeholder.jpg\", \"image-placeholder.jpg\", \"image-placeholder.jpg\", \"image-placeholder.jpg\", \"image-placeholder.jpg\"], [\"image-placeholder.jpg\", \"image-placeholder.jpg\", \"image-placeholder.jpg\", \"image-placeholder.jpg\", \"image-placeholder.jpg\"]]', 388, 0, 660, 'F', 4, 9, 19, 1),
(167, 'cover-placeholder.jpg', 'urun-t-shirt-61', 'url-t-shirt-61', '[\"\", \"\", \"\", \"\", \"\", \"\", \"\", \"\"]', '[\"41\", \"92\", \"1\", \"142\", \"64\", \"114\", \"20\"]', '[\"Beyaz\"]', '[[\"image-placeholder.jpg\", \"image-placeholder.jpg\", \"image-placeholder.jpg\", \"image-placeholder.jpg\", \"image-placeholder.jpg\"]]', 349, 0, 474, 'M', 4, 10, 19, 2),
(168, 'cover-placeholder.jpg', 'urun-t-shirt-62', 'url-t-shirt-62', '[\"\", \"\", \"\", \"\", \"\", \"\", \"\", \"\"]', '[\"51\", \"46\", \"99\", \"40\", \"55\", \"5\", \"90\"]', '[\"Beyaz\", \"Siyah\"]', '[[\"image-placeholder.jpg\", \"image-placeholder.jpg\", \"image-placeholder.jpg\", \"image-placeholder.jpg\", \"image-placeholder.jpg\"], [\"image-placeholder.jpg\", \"image-placeholder.jpg\", \"image-placeholder.jpg\", \"image-placeholder.jpg\", \"image-placeholder.jpg\"]]', 278, 0, 386, 'F', 2, 8, 19, 3),
(169, 'cover-placeholder.jpg', 'urun-t-shirt-63', 'url-t-shirt-63', '[\"\", \"\", \"\", \"\", \"\", \"\", \"\", \"\"]', '[\"113\", \"109\", \"108\", \"138\", \"146\", \"40\", \"83\"]', '[\"Beyaz\"]', '[[\"image-placeholder.jpg\", \"image-placeholder.jpg\", \"image-placeholder.jpg\", \"image-placeholder.jpg\", \"image-placeholder.jpg\"]]', 202, 0, 737, 'F', 2, 9, 19, 2),
(170, 'cover-placeholder.jpg', 'urun-t-shirt-64', 'url-t-shirt-64', '[\"\", \"\", \"\", \"\", \"\", \"\", \"\", \"\"]', '[\"74\", \"35\", \"97\", \"126\", \"94\", \"21\", \"128\"]', '[\"Beyaz\", \"Siyah\", \"Lacivert\", \"Gri\", \"Haki\"]', '[[\"image-placeholder.jpg\", \"image-placeholder.jpg\", \"image-placeholder.jpg\", \"image-placeholder.jpg\", \"image-placeholder.jpg\"], [\"image-placeholder.jpg\", \"image-placeholder.jpg\", \"image-placeholder.jpg\", \"image-placeholder.jpg\", \"image-placeholder.jpg\"], [\"image-placeholder.jpg\", \"image-placeholder.jpg\", \"image-placeholder.jpg\", \"image-placeholder.jpg\", \"image-placeholder.jpg\"], [\"image-placeholder.jpg\", \"image-placeholder.jpg\", \"image-placeholder.jpg\", \"image-placeholder.jpg\", \"image-placeholder.jpg\"], [\"image-placeholder.jpg\", \"image-placeholder.jpg\", \"image-placeholder.jpg\", \"image-placeholder.jpg\", \"image-placeholder.jpg\"]]', 357, 0, 575, 'F', 4, 10, 19, 1),
(171, 'cover-placeholder.jpg', 'urun-t-shirt-65', 'url-t-shirt-65', '[\"\", \"\", \"\", \"\", \"\", \"\", \"\", \"\"]', '[\"43\", \"36\", \"21\", \"6\", \"45\", \"79\", \"84\"]', '[\"Beyaz\", \"Siyah\", \"Lacivert\", \"Gri\", \"Haki\"]', '[[\"image-placeholder.jpg\", \"image-placeholder.jpg\", \"image-placeholder.jpg\", \"image-placeholder.jpg\", \"image-placeholder.jpg\"], [\"image-placeholder.jpg\", \"image-placeholder.jpg\", \"image-placeholder.jpg\", \"image-placeholder.jpg\", \"image-placeholder.jpg\"], [\"image-placeholder.jpg\", \"image-placeholder.jpg\", \"image-placeholder.jpg\", \"image-placeholder.jpg\", \"image-placeholder.jpg\"], [\"image-placeholder.jpg\", \"image-placeholder.jpg\", \"image-placeholder.jpg\", \"image-placeholder.jpg\", \"image-placeholder.jpg\"], [\"image-placeholder.jpg\", \"image-placeholder.jpg\", \"image-placeholder.jpg\", \"image-placeholder.jpg\", \"image-placeholder.jpg\"]]', 362, 0, 314, 'M', 3, 10, 19, 3),
(172, 'cover-placeholder.jpg', 'urun-t-shirt-66', 'url-t-shirt-66', '[\"\", \"\", \"\", \"\", \"\", \"\", \"\", \"\"]', '[\"103\", \"76\", \"129\", \"61\", \"51\", \"62\", \"150\"]', '[\"Beyaz\", \"Siyah\", \"Lacivert\", \"Gri\", \"Haki\"]', '[[\"image-placeholder.jpg\", \"image-placeholder.jpg\", \"image-placeholder.jpg\", \"image-placeholder.jpg\", \"image-placeholder.jpg\"], [\"image-placeholder.jpg\", \"image-placeholder.jpg\", \"image-placeholder.jpg\", \"image-placeholder.jpg\", \"image-placeholder.jpg\"], [\"image-placeholder.jpg\", \"image-placeholder.jpg\", \"image-placeholder.jpg\", \"image-placeholder.jpg\", \"image-placeholder.jpg\"], [\"image-placeholder.jpg\", \"image-placeholder.jpg\", \"image-placeholder.jpg\", \"image-placeholder.jpg\", \"image-placeholder.jpg\"], [\"image-placeholder.jpg\", \"image-placeholder.jpg\", \"image-placeholder.jpg\", \"image-placeholder.jpg\", \"image-placeholder.jpg\"]]', 392, 0, 632, 'M', 1, 8, 19, 3),
(173, 'cover-placeholder.jpg', 'urun-t-shirt-67', 'url-t-shirt-67', '[\"\", \"\", \"\", \"\", \"\", \"\", \"\", \"\"]', '[\"91\", \"16\", \"130\", \"73\", \"129\", \"20\", \"10\"]', '[\"Beyaz\"]', '[[\"image-placeholder.jpg\", \"image-placeholder.jpg\", \"image-placeholder.jpg\", \"image-placeholder.jpg\", \"image-placeholder.jpg\"]]', 247, 0, 469, 'M', 1, 9, 19, 2),
(174, 'cover-placeholder.jpg', 'urun-t-shirt-68', 'url-t-shirt-68', '[\"\", \"\", \"\", \"\", \"\", \"\", \"\", \"\"]', '[\"54\", \"0\", \"97\", \"148\", \"61\", \"149\", \"25\"]', '[\"Beyaz\"]', '[[\"image-placeholder.jpg\", \"image-placeholder.jpg\", \"image-placeholder.jpg\", \"image-placeholder.jpg\", \"image-placeholder.jpg\"]]', 231, 0, 534, 'M', 3, 8, 19, 2),
(175, 'cover-placeholder.jpg', 'urun-t-shirt-69', 'url-t-shirt-69', '[\"\", \"\", \"\", \"\", \"\", \"\", \"\", \"\"]', '[\"133\", \"48\", \"106\", \"117\", \"100\", \"95\", \"126\"]', '[\"Beyaz\", \"Siyah\"]', '[[\"image-placeholder.jpg\", \"image-placeholder.jpg\", \"image-placeholder.jpg\", \"image-placeholder.jpg\", \"image-placeholder.jpg\"], [\"image-placeholder.jpg\", \"image-placeholder.jpg\", \"image-placeholder.jpg\", \"image-placeholder.jpg\", \"image-placeholder.jpg\"]]', 359, 0, 725, 'F', 4, 11, 19, 3),
(176, 'cover-placeholder.jpg', 'urun-t-shirt-70', 'url-t-shirt-70', '[\"\", \"\", \"\", \"\", \"\", \"\", \"\", \"\"]', '[\"62\", \"53\", \"133\", \"119\", \"34\", \"83\", \"118\"]', '[\"Beyaz\", \"Siyah\", \"Lacivert\", \"Gri\", \"Haki\"]', '[[\"image-placeholder.jpg\", \"image-placeholder.jpg\", \"image-placeholder.jpg\", \"image-placeholder.jpg\", \"image-placeholder.jpg\"], [\"image-placeholder.jpg\", \"image-placeholder.jpg\", \"image-placeholder.jpg\", \"image-placeholder.jpg\", \"image-placeholder.jpg\"], [\"image-placeholder.jpg\", \"image-placeholder.jpg\", \"image-placeholder.jpg\", \"image-placeholder.jpg\", \"image-placeholder.jpg\"], [\"image-placeholder.jpg\", \"image-placeholder.jpg\", \"image-placeholder.jpg\", \"image-placeholder.jpg\", \"image-placeholder.jpg\"], [\"image-placeholder.jpg\", \"image-placeholder.jpg\", \"image-placeholder.jpg\", \"image-placeholder.jpg\", \"image-placeholder.jpg\"]]', 280, 0, 602, 'M', 3, 8, 19, 1),
(177, 'cover-placeholder.jpg', 'urun-t-shirt-71', 'url-t-shirt-71', '[\"\", \"\", \"\", \"\", \"\", \"\", \"\", \"\"]', '[\"12\", \"140\", \"96\", \"147\", \"2\", \"90\", \"105\"]', '[\"Beyaz\", \"Siyah\", \"Lacivert\"]', '[[\"image-placeholder.jpg\", \"image-placeholder.jpg\", \"image-placeholder.jpg\", \"image-placeholder.jpg\", \"image-placeholder.jpg\"], [\"image-placeholder.jpg\", \"image-placeholder.jpg\", \"image-placeholder.jpg\", \"image-placeholder.jpg\", \"image-placeholder.jpg\"], [\"image-placeholder.jpg\", \"image-placeholder.jpg\", \"image-placeholder.jpg\", \"image-placeholder.jpg\", \"image-placeholder.jpg\"]]', 303, 0, 592, 'M', 4, 8, 19, 1),
(178, 'cover-placeholder.jpg', 'urun-t-shirt-72', 'url-t-shirt-72', '[\"\", \"\", \"\", \"\", \"\", \"\", \"\", \"\"]', '[\"87\", \"84\", \"3\", \"86\", \"94\", \"96\", \"126\"]', '[\"Beyaz\"]', '[[\"image-placeholder.jpg\", \"image-placeholder.jpg\", \"image-placeholder.jpg\", \"image-placeholder.jpg\", \"image-placeholder.jpg\"]]', 256, 0, 576, 'M', 1, 11, 19, 3),
(179, 'cover-placeholder.jpg', 'urun-t-shirt-73', 'url-t-shirt-73', '[\"\", \"\", \"\", \"\", \"\", \"\", \"\", \"\"]', '[\"121\", \"35\", \"37\", \"53\", \"29\", \"61\", \"29\"]', '[\"Beyaz\", \"Siyah\", \"Lacivert\", \"Gri\"]', '[[\"image-placeholder.jpg\", \"image-placeholder.jpg\", \"image-placeholder.jpg\", \"image-placeholder.jpg\", \"image-placeholder.jpg\"], [\"image-placeholder.jpg\", \"image-placeholder.jpg\", \"image-placeholder.jpg\", \"image-placeholder.jpg\", \"image-placeholder.jpg\"], [\"image-placeholder.jpg\", \"image-placeholder.jpg\", \"image-placeholder.jpg\", \"image-placeholder.jpg\", \"image-placeholder.jpg\"], [\"image-placeholder.jpg\", \"image-placeholder.jpg\", \"image-placeholder.jpg\", \"image-placeholder.jpg\", \"image-placeholder.jpg\"]]', 203, 0, 365, 'M', 3, 11, 19, 2),
(180, 'cover-placeholder.jpg', 'urun-t-shirt-74', 'url-t-shirt-74', '[\"\", \"\", \"\", \"\", \"\", \"\", \"\", \"\"]', '[\"82\", \"16\", \"49\", \"34\", \"103\", \"118\", \"95\"]', '[\"Beyaz\", \"Siyah\"]', '[[\"image-placeholder.jpg\", \"image-placeholder.jpg\", \"image-placeholder.jpg\", \"image-placeholder.jpg\", \"image-placeholder.jpg\"], [\"image-placeholder.jpg\", \"image-placeholder.jpg\", \"image-placeholder.jpg\", \"image-placeholder.jpg\", \"image-placeholder.jpg\"]]', 337, 0, 497, 'M', 2, 8, 19, 3),
(181, 'cover-placeholder.jpg', 'urun-t-shirt-75', 'url-t-shirt-75', '[\"\", \"\", \"\", \"\", \"\", \"\", \"\", \"\"]', '[\"41\", \"109\", \"103\", \"35\", \"34\", \"11\", \"112\"]', '[\"Beyaz\", \"Siyah\", \"Lacivert\", \"Gri\"]', '[[\"image-placeholder.jpg\", \"image-placeholder.jpg\", \"image-placeholder.jpg\", \"image-placeholder.jpg\", \"image-placeholder.jpg\"], [\"image-placeholder.jpg\", \"image-placeholder.jpg\", \"image-placeholder.jpg\", \"image-placeholder.jpg\", \"image-placeholder.jpg\"], [\"image-placeholder.jpg\", \"image-placeholder.jpg\", \"image-placeholder.jpg\", \"image-placeholder.jpg\", \"image-placeholder.jpg\"], [\"image-placeholder.jpg\", \"image-placeholder.jpg\", \"image-placeholder.jpg\", \"image-placeholder.jpg\", \"image-placeholder.jpg\"]]', 217, 0, 445, 'M', 3, 10, 19, 1),
(182, 'cover-placeholder.jpg', 'urun-t-shirt-76', 'url-t-shirt-76', '[\"\", \"\", \"\", \"\", \"\", \"\", \"\", \"\"]', '[\"79\", \"6\", \"136\", \"80\", \"89\", \"126\", \"36\"]', '[\"Beyaz\", \"Siyah\"]', '[[\"image-placeholder.jpg\", \"image-placeholder.jpg\", \"image-placeholder.jpg\", \"image-placeholder.jpg\", \"image-placeholder.jpg\"], [\"image-placeholder.jpg\", \"image-placeholder.jpg\", \"image-placeholder.jpg\", \"image-placeholder.jpg\", \"image-placeholder.jpg\"]]', 302, 0, 552, 'F', 4, 11, 19, 3),
(183, 'cover-placeholder.jpg', 'urun-t-shirt-77', 'url-t-shirt-77', '[\"\", \"\", \"\", \"\", \"\", \"\", \"\", \"\"]', '[\"0\", \"22\", \"24\", \"35\", \"128\", \"101\", \"11\"]', '[\"Beyaz\", \"Siyah\"]', '[[\"image-placeholder.jpg\", \"image-placeholder.jpg\", \"image-placeholder.jpg\", \"image-placeholder.jpg\", \"image-placeholder.jpg\"], [\"image-placeholder.jpg\", \"image-placeholder.jpg\", \"image-placeholder.jpg\", \"image-placeholder.jpg\", \"image-placeholder.jpg\"]]', 208, 0, 321, 'F', 3, 9, 19, 2),
(184, 'cover-placeholder.jpg', 'urun-t-shirt-78', 'url-t-shirt-78', '[\"\", \"\", \"\", \"\", \"\", \"\", \"\", \"\"]', '[\"143\", \"127\", \"93\", \"120\", \"107\", \"79\", \"84\"]', '[\"Beyaz\", \"Siyah\"]', '[[\"image-placeholder.jpg\", \"image-placeholder.jpg\", \"image-placeholder.jpg\", \"image-placeholder.jpg\", \"image-placeholder.jpg\"], [\"image-placeholder.jpg\", \"image-placeholder.jpg\", \"image-placeholder.jpg\", \"image-placeholder.jpg\", \"image-placeholder.jpg\"]]', 303, 0, 753, 'F', 4, 10, 19, 3),
(185, 'cover-placeholder.jpg', 'urun-t-shirt-79', 'url-t-shirt-79', '[\"\", \"\", \"\", \"\", \"\", \"\", \"\", \"\"]', '[\"9\", \"141\", \"36\", \"122\", \"30\", \"63\", \"145\"]', '[\"Beyaz\", \"Siyah\", \"Lacivert\", \"Gri\", \"Haki\"]', '[[\"image-placeholder.jpg\", \"image-placeholder.jpg\", \"image-placeholder.jpg\", \"image-placeholder.jpg\", \"image-placeholder.jpg\"], [\"image-placeholder.jpg\", \"image-placeholder.jpg\", \"image-placeholder.jpg\", \"image-placeholder.jpg\", \"image-placeholder.jpg\"], [\"image-placeholder.jpg\", \"image-placeholder.jpg\", \"image-placeholder.jpg\", \"image-placeholder.jpg\", \"image-placeholder.jpg\"], [\"image-placeholder.jpg\", \"image-placeholder.jpg\", \"image-placeholder.jpg\", \"image-placeholder.jpg\", \"image-placeholder.jpg\"], [\"image-placeholder.jpg\", \"image-placeholder.jpg\", \"image-placeholder.jpg\", \"image-placeholder.jpg\", \"image-placeholder.jpg\"]]', 185, 0, 546, 'M', 3, 11, 19, 3),
(186, 'cover-placeholder.jpg', 'urun-t-shirt-80', 'url-t-shirt-80', '[\"\", \"\", \"\", \"\", \"\", \"\", \"\", \"\"]', '[\"128\", \"61\", \"138\", \"121\", \"108\", \"48\", \"55\"]', '[\"Beyaz\", \"Siyah\", \"Lacivert\", \"Gri\"]', '[[\"image-placeholder.jpg\", \"image-placeholder.jpg\", \"image-placeholder.jpg\", \"image-placeholder.jpg\", \"image-placeholder.jpg\"], [\"image-placeholder.jpg\", \"image-placeholder.jpg\", \"image-placeholder.jpg\", \"image-placeholder.jpg\", \"image-placeholder.jpg\"], [\"image-placeholder.jpg\", \"image-placeholder.jpg\", \"image-placeholder.jpg\", \"image-placeholder.jpg\", \"image-placeholder.jpg\"], [\"image-placeholder.jpg\", \"image-placeholder.jpg\", \"image-placeholder.jpg\", \"image-placeholder.jpg\", \"image-placeholder.jpg\"]]', 193, 0, 659, 'M', 4, 8, 19, 3),
(187, 'cover-placeholder.jpg', 'urun-t-shirt-81', 'url-t-shirt-81', '[\"\", \"\", \"\", \"\", \"\", \"\", \"\", \"\"]', '[\"112\", \"19\", \"34\", \"24\", \"26\", \"127\", \"114\"]', '[\"Beyaz\", \"Siyah\", \"Lacivert\", \"Gri\"]', '[[\"image-placeholder.jpg\", \"image-placeholder.jpg\", \"image-placeholder.jpg\", \"image-placeholder.jpg\", \"image-placeholder.jpg\"], [\"image-placeholder.jpg\", \"image-placeholder.jpg\", \"image-placeholder.jpg\", \"image-placeholder.jpg\", \"image-placeholder.jpg\"], [\"image-placeholder.jpg\", \"image-placeholder.jpg\", \"image-placeholder.jpg\", \"image-placeholder.jpg\", \"image-placeholder.jpg\"], [\"image-placeholder.jpg\", \"image-placeholder.jpg\", \"image-placeholder.jpg\", \"image-placeholder.jpg\", \"image-placeholder.jpg\"]]', 333, 0, 456, 'F', 2, 8, 19, 2),
(188, 'cover-placeholder.jpg', 'urun-t-shirt-82', 'url-t-shirt-82', '[\"\", \"\", \"\", \"\", \"\", \"\", \"\", \"\"]', '[\"67\", \"31\", \"85\", \"113\", \"128\", \"116\", \"53\"]', '[\"Beyaz\", \"Siyah\", \"Lacivert\", \"Gri\"]', '[[\"image-placeholder.jpg\", \"image-placeholder.jpg\", \"image-placeholder.jpg\", \"image-placeholder.jpg\", \"image-placeholder.jpg\"], [\"image-placeholder.jpg\", \"image-placeholder.jpg\", \"image-placeholder.jpg\", \"image-placeholder.jpg\", \"image-placeholder.jpg\"], [\"image-placeholder.jpg\", \"image-placeholder.jpg\", \"image-placeholder.jpg\", \"image-placeholder.jpg\", \"image-placeholder.jpg\"], [\"image-placeholder.jpg\", \"image-placeholder.jpg\", \"image-placeholder.jpg\", \"image-placeholder.jpg\", \"image-placeholder.jpg\"]]', 259, 0, 593, 'F', 1, 10, 19, 1),
(189, 'cover-placeholder.jpg', 'urun-t-shirt-83', 'url-t-shirt-83', '[\"\", \"\", \"\", \"\", \"\", \"\", \"\", \"\"]', '[\"50\", \"8\", \"32\", \"126\", \"14\", \"38\", \"132\"]', '[\"Beyaz\", \"Siyah\", \"Lacivert\", \"Gri\"]', '[[\"image-placeholder.jpg\", \"image-placeholder.jpg\", \"image-placeholder.jpg\", \"image-placeholder.jpg\", \"image-placeholder.jpg\"], [\"image-placeholder.jpg\", \"image-placeholder.jpg\", \"image-placeholder.jpg\", \"image-placeholder.jpg\", \"image-placeholder.jpg\"], [\"image-placeholder.jpg\", \"image-placeholder.jpg\", \"image-placeholder.jpg\", \"image-placeholder.jpg\", \"image-placeholder.jpg\"], [\"image-placeholder.jpg\", \"image-placeholder.jpg\", \"image-placeholder.jpg\", \"image-placeholder.jpg\", \"image-placeholder.jpg\"]]', 255, 0, 400, 'M', 1, 8, 19, 2),
(190, 'cover-placeholder.jpg', 'urun-t-shirt-84', 'url-t-shirt-84', '[\"\", \"\", \"\", \"\", \"\", \"\", \"\", \"\"]', '[\"26\", \"18\", \"8\", \"24\", \"65\", \"106\", \"48\"]', '[\"Beyaz\", \"Siyah\", \"Lacivert\", \"Gri\", \"Haki\"]', '[[\"image-placeholder.jpg\", \"image-placeholder.jpg\", \"image-placeholder.jpg\", \"image-placeholder.jpg\", \"image-placeholder.jpg\"], [\"image-placeholder.jpg\", \"image-placeholder.jpg\", \"image-placeholder.jpg\", \"image-placeholder.jpg\", \"image-placeholder.jpg\"], [\"image-placeholder.jpg\", \"image-placeholder.jpg\", \"image-placeholder.jpg\", \"image-placeholder.jpg\", \"image-placeholder.jpg\"], [\"image-placeholder.jpg\", \"image-placeholder.jpg\", \"image-placeholder.jpg\", \"image-placeholder.jpg\", \"image-placeholder.jpg\"], [\"image-placeholder.jpg\", \"image-placeholder.jpg\", \"image-placeholder.jpg\", \"image-placeholder.jpg\", \"image-placeholder.jpg\"]]', 343, 0, 295, 'M', 2, 9, 19, 3),
(191, 'cover-placeholder.jpg', 'urun-t-shirt-85', 'url-t-shirt-85', '[\"\", \"\", \"\", \"\", \"\", \"\", \"\", \"\"]', '[\"94\", \"140\", \"54\", \"105\", \"93\", \"53\", \"73\"]', '[\"Beyaz\", \"Siyah\"]', '[[\"image-placeholder.jpg\", \"image-placeholder.jpg\", \"image-placeholder.jpg\", \"image-placeholder.jpg\", \"image-placeholder.jpg\"], [\"image-placeholder.jpg\", \"image-placeholder.jpg\", \"image-placeholder.jpg\", \"image-placeholder.jpg\", \"image-placeholder.jpg\"]]', 193, 0, 612, 'F', 1, 11, 19, 1),
(192, 'cover-placeholder.jpg', 'urun-t-shirt-86', 'url-t-shirt-86', '[\"\", \"\", \"\", \"\", \"\", \"\", \"\", \"\"]', '[\"88\", \"67\", \"92\", \"89\", \"29\", \"17\", \"23\"]', '[\"Beyaz\", \"Siyah\", \"Lacivert\", \"Gri\", \"Haki\"]', '[[\"image-placeholder.jpg\", \"image-placeholder.jpg\", \"image-placeholder.jpg\", \"image-placeholder.jpg\", \"image-placeholder.jpg\"], [\"image-placeholder.jpg\", \"image-placeholder.jpg\", \"image-placeholder.jpg\", \"image-placeholder.jpg\", \"image-placeholder.jpg\"], [\"image-placeholder.jpg\", \"image-placeholder.jpg\", \"image-placeholder.jpg\", \"image-placeholder.jpg\", \"image-placeholder.jpg\"], [\"image-placeholder.jpg\", \"image-placeholder.jpg\", \"image-placeholder.jpg\", \"image-placeholder.jpg\", \"image-placeholder.jpg\"], [\"image-placeholder.jpg\", \"image-placeholder.jpg\", \"image-placeholder.jpg\", \"image-placeholder.jpg\", \"image-placeholder.jpg\"]]', 155, 0, 405, 'M', 2, 10, 19, 1),
(193, 'cover-placeholder.jpg', 'urun-t-shirt-87', 'url-t-shirt-87', '[\"\", \"\", \"\", \"\", \"\", \"\", \"\", \"\"]', '[\"94\", \"26\", \"108\", \"36\", \"127\", \"49\", \"45\"]', '[\"Beyaz\"]', '[[\"image-placeholder.jpg\", \"image-placeholder.jpg\", \"image-placeholder.jpg\", \"image-placeholder.jpg\", \"image-placeholder.jpg\"]]', 241, 0, 485, 'F', 4, 11, 19, 1),
(194, 'cover-placeholder.jpg', 'urun-t-shirt-88', 'url-t-shirt-88', '[\"\", \"\", \"\", \"\", \"\", \"\", \"\", \"\"]', '[\"134\", \"125\", \"64\", \"13\", \"92\", \"142\", \"20\"]', '[\"Beyaz\"]', '[[\"image-placeholder.jpg\", \"image-placeholder.jpg\", \"image-placeholder.jpg\", \"image-placeholder.jpg\", \"image-placeholder.jpg\"]]', 318, 0, 590, 'F', 4, 8, 19, 1),
(195, 'cover-placeholder.jpg', 'urun-t-shirt-89', 'url-t-shirt-89', '[\"\", \"\", \"\", \"\", \"\", \"\", \"\", \"\"]', '[\"76\", \"119\", \"44\", \"110\", \"16\", \"147\", \"21\"]', '[\"Beyaz\", \"Siyah\", \"Lacivert\"]', '[[\"image-placeholder.jpg\", \"image-placeholder.jpg\", \"image-placeholder.jpg\", \"image-placeholder.jpg\", \"image-placeholder.jpg\"], [\"image-placeholder.jpg\", \"image-placeholder.jpg\", \"image-placeholder.jpg\", \"image-placeholder.jpg\", \"image-placeholder.jpg\"], [\"image-placeholder.jpg\", \"image-placeholder.jpg\", \"image-placeholder.jpg\", \"image-placeholder.jpg\", \"image-placeholder.jpg\"]]', 152, 0, 533, 'M', 4, 11, 19, 1),
(196, 'cover-placeholder.jpg', 'urun-t-shirt-90', 'url-t-shirt-90', '[\"\", \"\", \"\", \"\", \"\", \"\", \"\", \"\"]', '[\"51\", \"54\", \"123\", \"79\", \"52\", \"85\", \"130\"]', '[\"Beyaz\", \"Siyah\", \"Lacivert\", \"Gri\"]', '[[\"image-placeholder.jpg\", \"image-placeholder.jpg\", \"image-placeholder.jpg\", \"image-placeholder.jpg\", \"image-placeholder.jpg\"], [\"image-placeholder.jpg\", \"image-placeholder.jpg\", \"image-placeholder.jpg\", \"image-placeholder.jpg\", \"image-placeholder.jpg\"], [\"image-placeholder.jpg\", \"image-placeholder.jpg\", \"image-placeholder.jpg\", \"image-placeholder.jpg\", \"image-placeholder.jpg\"], [\"image-placeholder.jpg\", \"image-placeholder.jpg\", \"image-placeholder.jpg\", \"image-placeholder.jpg\", \"image-placeholder.jpg\"]]', 216, 0, 574, 'F', 1, 10, 19, 2),
(197, 'cover-placeholder.jpg', 'urun-t-shirt-91', 'url-t-shirt-91', '[\"\", \"\", \"\", \"\", \"\", \"\", \"\", \"\"]', '[\"34\", \"52\", \"109\", \"95\", \"41\", \"127\", \"85\"]', '[\"Beyaz\", \"Siyah\", \"Lacivert\", \"Gri\"]', '[[\"image-placeholder.jpg\", \"image-placeholder.jpg\", \"image-placeholder.jpg\", \"image-placeholder.jpg\", \"image-placeholder.jpg\"], [\"image-placeholder.jpg\", \"image-placeholder.jpg\", \"image-placeholder.jpg\", \"image-placeholder.jpg\", \"image-placeholder.jpg\"], [\"image-placeholder.jpg\", \"image-placeholder.jpg\", \"image-placeholder.jpg\", \"image-placeholder.jpg\", \"image-placeholder.jpg\"], [\"image-placeholder.jpg\", \"image-placeholder.jpg\", \"image-placeholder.jpg\", \"image-placeholder.jpg\", \"image-placeholder.jpg\"]]', 201, 0, 543, 'M', 2, 11, 19, 1),
(198, 'cover-placeholder.jpg', 'urun-t-shirt-92', 'url-t-shirt-92', '[\"\", \"\", \"\", \"\", \"\", \"\", \"\", \"\"]', '[\"127\", \"110\", \"9\", \"80\", \"55\", \"51\", \"27\"]', '[\"Beyaz\", \"Siyah\", \"Lacivert\", \"Gri\", \"Haki\"]', '[[\"image-placeholder.jpg\", \"image-placeholder.jpg\", \"image-placeholder.jpg\", \"image-placeholder.jpg\", \"image-placeholder.jpg\"], [\"image-placeholder.jpg\", \"image-placeholder.jpg\", \"image-placeholder.jpg\", \"image-placeholder.jpg\", \"image-placeholder.jpg\"], [\"image-placeholder.jpg\", \"image-placeholder.jpg\", \"image-placeholder.jpg\", \"image-placeholder.jpg\", \"image-placeholder.jpg\"], [\"image-placeholder.jpg\", \"image-placeholder.jpg\", \"image-placeholder.jpg\", \"image-placeholder.jpg\", \"image-placeholder.jpg\"], [\"image-placeholder.jpg\", \"image-placeholder.jpg\", \"image-placeholder.jpg\", \"image-placeholder.jpg\", \"image-placeholder.jpg\"]]', 273, 0, 459, 'F', 2, 8, 19, 2),
(199, 'cover-placeholder.jpg', 'urun-t-shirt-93', 'url-t-shirt-93', '[\"\", \"\", \"\", \"\", \"\", \"\", \"\", \"\"]', '[\"7\", \"84\", \"96\", \"124\", \"18\", \"69\", \"129\"]', '[\"Beyaz\"]', '[[\"image-placeholder.jpg\", \"image-placeholder.jpg\", \"image-placeholder.jpg\", \"image-placeholder.jpg\", \"image-placeholder.jpg\"]]', 161, 0, 527, 'F', 3, 8, 19, 1),
(200, 'cover-placeholder.jpg', 'urun-t-shirt-94', 'url-t-shirt-94', '[\"\", \"\", \"\", \"\", \"\", \"\", \"\", \"\"]', '[\"94\", \"57\", \"19\", \"2\", \"3\", \"49\", \"150\"]', '[\"Beyaz\", \"Siyah\", \"Lacivert\"]', '[[\"image-placeholder.jpg\", \"image-placeholder.jpg\", \"image-placeholder.jpg\", \"image-placeholder.jpg\", \"image-placeholder.jpg\"], [\"image-placeholder.jpg\", \"image-placeholder.jpg\", \"image-placeholder.jpg\", \"image-placeholder.jpg\", \"image-placeholder.jpg\"], [\"image-placeholder.jpg\", \"image-placeholder.jpg\", \"image-placeholder.jpg\", \"image-placeholder.jpg\", \"image-placeholder.jpg\"]]', 219, 0, 374, 'M', 3, 11, 19, 1),
(201, 'cover-placeholder.jpg', 'urun-t-shirt-95', 'url-t-shirt-95', '[\"\", \"\", \"\", \"\", \"\", \"\", \"\", \"\"]', '[\"141\", \"84\", \"3\", \"140\", \"107\", \"55\", \"96\"]', '[\"Beyaz\", \"Siyah\", \"Lacivert\", \"Gri\"]', '[[\"image-placeholder.jpg\", \"image-placeholder.jpg\", \"image-placeholder.jpg\", \"image-placeholder.jpg\", \"image-placeholder.jpg\"], [\"image-placeholder.jpg\", \"image-placeholder.jpg\", \"image-placeholder.jpg\", \"image-placeholder.jpg\", \"image-placeholder.jpg\"], [\"image-placeholder.jpg\", \"image-placeholder.jpg\", \"image-placeholder.jpg\", \"image-placeholder.jpg\", \"image-placeholder.jpg\"], [\"image-placeholder.jpg\", \"image-placeholder.jpg\", \"image-placeholder.jpg\", \"image-placeholder.jpg\", \"image-placeholder.jpg\"]]', 293, 0, 626, 'F', 4, 9, 19, 1),
(202, 'cover-placeholder.jpg', 'urun-t-shirt-96', 'url-t-shirt-96', '[\"\", \"\", \"\", \"\", \"\", \"\", \"\", \"\"]', '[\"143\", \"49\", \"91\", \"40\", \"82\", \"92\", \"81\"]', '[\"Beyaz\"]', '[[\"image-placeholder.jpg\", \"image-placeholder.jpg\", \"image-placeholder.jpg\", \"image-placeholder.jpg\", \"image-placeholder.jpg\"]]', 391, 0, 578, 'M', 3, 10, 19, 1),
(203, 'cover-placeholder.jpg', 'urun-t-shirt-97', 'url-t-shirt-97', '[\"\", \"\", \"\", \"\", \"\", \"\", \"\", \"\"]', '[\"132\", \"110\", \"1\", \"144\", \"7\", \"74\", \"73\"]', '[\"Beyaz\", \"Siyah\", \"Lacivert\", \"Gri\"]', '[[\"image-placeholder.jpg\", \"image-placeholder.jpg\", \"image-placeholder.jpg\", \"image-placeholder.jpg\", \"image-placeholder.jpg\"], [\"image-placeholder.jpg\", \"image-placeholder.jpg\", \"image-placeholder.jpg\", \"image-placeholder.jpg\", \"image-placeholder.jpg\"], [\"image-placeholder.jpg\", \"image-placeholder.jpg\", \"image-placeholder.jpg\", \"image-placeholder.jpg\", \"image-placeholder.jpg\"], [\"image-placeholder.jpg\", \"image-placeholder.jpg\", \"image-placeholder.jpg\", \"image-placeholder.jpg\", \"image-placeholder.jpg\"]]', 182, 0, 541, 'M', 1, 9, 19, 2),
(204, 'cover-placeholder.jpg', 'urun-t-shirt-98', 'url-t-shirt-98', '[\"\", \"\", \"\", \"\", \"\", \"\", \"\", \"\"]', '[\"49\", \"105\", \"106\", \"56\", \"12\", \"78\", \"20\"]', '[\"Beyaz\", \"Siyah\", \"Lacivert\", \"Gri\", \"Haki\"]', '[[\"image-placeholder.jpg\", \"image-placeholder.jpg\", \"image-placeholder.jpg\", \"image-placeholder.jpg\", \"image-placeholder.jpg\"], [\"image-placeholder.jpg\", \"image-placeholder.jpg\", \"image-placeholder.jpg\", \"image-placeholder.jpg\", \"image-placeholder.jpg\"], [\"image-placeholder.jpg\", \"image-placeholder.jpg\", \"image-placeholder.jpg\", \"image-placeholder.jpg\", \"image-placeholder.jpg\"], [\"image-placeholder.jpg\", \"image-placeholder.jpg\", \"image-placeholder.jpg\", \"image-placeholder.jpg\", \"image-placeholder.jpg\"], [\"image-placeholder.jpg\", \"image-placeholder.jpg\", \"image-placeholder.jpg\", \"image-placeholder.jpg\", \"image-placeholder.jpg\"]]', 268, 0, 426, 'M', 1, 8, 19, 3),
(205, 'cover-placeholder.jpg', 'urun-t-shirt-99', 'url-t-shirt-99', '[\"\", \"\", \"\", \"\", \"\", \"\", \"\", \"\"]', '[\"6\", \"131\", \"89\", \"23\", \"23\", \"63\", \"147\"]', '[\"Beyaz\", \"Siyah\"]', '[[\"image-placeholder.jpg\", \"image-placeholder.jpg\", \"image-placeholder.jpg\", \"image-placeholder.jpg\", \"image-placeholder.jpg\"], [\"image-placeholder.jpg\", \"image-placeholder.jpg\", \"image-placeholder.jpg\", \"image-placeholder.jpg\", \"image-placeholder.jpg\"]]', 356, 0, 482, 'M', 1, 9, 19, 3),
(206, 'cover-placeholder.jpg', 'urun-pantolon-0', 'url-pantolon-0', '[\"\", \"\"]', '[\"61\", \"150\", \"12\", \"6\"]', '[\"Beyaz\", \"Siyah\", \"Lacivert\", \"Gri\"]', '[[\"image-placeholder.jpg\", \"image-placeholder.jpg\", \"image-placeholder.jpg\", \"image-placeholder.jpg\", \"image-placeholder.jpg\"], [\"image-placeholder.jpg\", \"image-placeholder.jpg\", \"image-placeholder.jpg\", \"image-placeholder.jpg\", \"image-placeholder.jpg\"], [\"image-placeholder.jpg\", \"image-placeholder.jpg\", \"image-placeholder.jpg\", \"image-placeholder.jpg\", \"image-placeholder.jpg\"], [\"image-placeholder.jpg\", \"image-placeholder.jpg\", \"image-placeholder.jpg\", \"image-placeholder.jpg\", \"image-placeholder.jpg\"]]', 290, 0, 229, 'F', 3, 10, 20, 1),
(207, 'cover-placeholder.jpg', 'urun-pantolon-1', 'url-pantolon-1', '[\"\", \"\"]', '[\"110\", \"89\", \"134\", \"56\"]', '[\"Beyaz\", \"Siyah\"]', '[[\"image-placeholder.jpg\", \"image-placeholder.jpg\", \"image-placeholder.jpg\", \"image-placeholder.jpg\", \"image-placeholder.jpg\"], [\"image-placeholder.jpg\", \"image-placeholder.jpg\", \"image-placeholder.jpg\", \"image-placeholder.jpg\", \"image-placeholder.jpg\"]]', 267, 0, 389, 'F', 2, 11, 20, 2),
(208, 'cover-placeholder.jpg', 'urun-pantolon-2', 'url-pantolon-2', '[\"\", \"\"]', '[\"47\", \"142\", \"1\", \"90\"]', '[\"Beyaz\", \"Siyah\"]', '[[\"image-placeholder.jpg\", \"image-placeholder.jpg\", \"image-placeholder.jpg\", \"image-placeholder.jpg\", \"image-placeholder.jpg\"], [\"image-placeholder.jpg\", \"image-placeholder.jpg\", \"image-placeholder.jpg\", \"image-placeholder.jpg\", \"image-placeholder.jpg\"]]', 399, 0, 280, 'M', 4, 8, 20, 2),
(209, 'cover-placeholder.jpg', 'urun-pantolon-3', 'url-pantolon-3', '[\"\", \"\"]', '[\"145\", \"39\", \"116\", \"25\"]', '[\"Beyaz\", \"Siyah\", \"Lacivert\", \"Gri\", \"Haki\"]', '[[\"image-placeholder.jpg\", \"image-placeholder.jpg\", \"image-placeholder.jpg\", \"image-placeholder.jpg\", \"image-placeholder.jpg\"], [\"image-placeholder.jpg\", \"image-placeholder.jpg\", \"image-placeholder.jpg\", \"image-placeholder.jpg\", \"image-placeholder.jpg\"], [\"image-placeholder.jpg\", \"image-placeholder.jpg\", \"image-placeholder.jpg\", \"image-placeholder.jpg\", \"image-placeholder.jpg\"], [\"image-placeholder.jpg\", \"image-placeholder.jpg\", \"image-placeholder.jpg\", \"image-placeholder.jpg\", \"image-placeholder.jpg\"], [\"image-placeholder.jpg\", \"image-placeholder.jpg\", \"image-placeholder.jpg\", \"image-placeholder.jpg\", \"image-placeholder.jpg\"]]', 332, 0, 325, 'F', 3, 11, 20, 3),
(210, 'cover-placeholder.jpg', 'urun-pantolon-4', 'url-pantolon-4', '[\"\", \"\"]', '[\"3\", \"14\", \"32\", \"6\"]', '[\"Beyaz\", \"Siyah\"]', '[[\"image-placeholder.jpg\", \"image-placeholder.jpg\", \"image-placeholder.jpg\", \"image-placeholder.jpg\", \"image-placeholder.jpg\"], [\"image-placeholder.jpg\", \"image-placeholder.jpg\", \"image-placeholder.jpg\", \"image-placeholder.jpg\", \"image-placeholder.jpg\"]]', 307, 0, 55, 'F', 3, 9, 20, 1),
(211, 'cover-placeholder.jpg', 'urun-pantolon-5', 'url-pantolon-5', '[\"\", \"\"]', '[\"68\", \"71\", \"48\", \"25\"]', '[\"Beyaz\", \"Siyah\"]', '[[\"image-placeholder.jpg\", \"image-placeholder.jpg\", \"image-placeholder.jpg\", \"image-placeholder.jpg\", \"image-placeholder.jpg\"], [\"image-placeholder.jpg\", \"image-placeholder.jpg\", \"image-placeholder.jpg\", \"image-placeholder.jpg\", \"image-placeholder.jpg\"]]', 311, 0, 212, 'F', 1, 11, 20, 2),
(212, 'cover-placeholder.jpg', 'urun-pantolon-6', 'url-pantolon-6', '[\"\", \"\"]', '[\"101\", \"85\", \"64\", \"19\"]', '[\"Beyaz\"]', '[[\"image-placeholder.jpg\", \"image-placeholder.jpg\", \"image-placeholder.jpg\", \"image-placeholder.jpg\", \"image-placeholder.jpg\"]]', 154, 0, 269, 'F', 4, 11, 20, 1),
(213, 'cover-placeholder.jpg', 'urun-pantolon-7', 'url-pantolon-7', '[\"\", \"\"]', '[\"60\", \"16\", \"29\", \"131\"]', '[\"Beyaz\", \"Siyah\", \"Lacivert\"]', '[[\"image-placeholder.jpg\", \"image-placeholder.jpg\", \"image-placeholder.jpg\", \"image-placeholder.jpg\", \"image-placeholder.jpg\"], [\"image-placeholder.jpg\", \"image-placeholder.jpg\", \"image-placeholder.jpg\", \"image-placeholder.jpg\", \"image-placeholder.jpg\"], [\"image-placeholder.jpg\", \"image-placeholder.jpg\", \"image-placeholder.jpg\", \"image-placeholder.jpg\", \"image-placeholder.jpg\"]]', 375, 0, 236, 'F', 1, 9, 20, 2),
(214, 'cover-placeholder.jpg', 'urun-pantolon-8', 'url-pantolon-8', '[\"\", \"\"]', '[\"40\", \"64\", \"31\", \"44\"]', '[\"Beyaz\", \"Siyah\"]', '[[\"image-placeholder.jpg\", \"image-placeholder.jpg\", \"image-placeholder.jpg\", \"image-placeholder.jpg\", \"image-placeholder.jpg\"], [\"image-placeholder.jpg\", \"image-placeholder.jpg\", \"image-placeholder.jpg\", \"image-placeholder.jpg\", \"image-placeholder.jpg\"]]', 203, 0, 179, 'F', 1, 8, 20, 2),
(215, 'cover-placeholder.jpg', 'urun-pantolon-9', 'url-pantolon-9', '[\"\", \"\"]', '[\"68\", \"129\", \"118\", \"99\"]', '[\"Beyaz\", \"Siyah\"]', '[[\"image-placeholder.jpg\", \"image-placeholder.jpg\", \"image-placeholder.jpg\", \"image-placeholder.jpg\", \"image-placeholder.jpg\"], [\"image-placeholder.jpg\", \"image-placeholder.jpg\", \"image-placeholder.jpg\", \"image-placeholder.jpg\", \"image-placeholder.jpg\"]]', 225, 0, 414, 'F', 2, 8, 20, 3),
(216, 'cover-placeholder.jpg', 'urun-pantolon-10', 'url-pantolon-10', '[\"\", \"\"]', '[\"139\", \"112\", \"80\", \"48\"]', '[\"Beyaz\", \"Siyah\"]', '[[\"image-placeholder.jpg\", \"image-placeholder.jpg\", \"image-placeholder.jpg\", \"image-placeholder.jpg\", \"image-placeholder.jpg\"], [\"image-placeholder.jpg\", \"image-placeholder.jpg\", \"image-placeholder.jpg\", \"image-placeholder.jpg\", \"image-placeholder.jpg\"]]', 276, 0, 379, 'F', 1, 10, 20, 1),
(217, 'cover-placeholder.jpg', 'urun-pantolon-11', 'url-pantolon-11', '[\"\", \"\"]', '[\"25\", \"102\", \"84\", \"116\"]', '[\"Beyaz\"]', '[[\"image-placeholder.jpg\", \"image-placeholder.jpg\", \"image-placeholder.jpg\", \"image-placeholder.jpg\", \"image-placeholder.jpg\"]]', 171, 0, 327, 'F', 1, 8, 20, 3),
(218, 'cover-placeholder.jpg', 'urun-pantolon-12', 'url-pantolon-12', '[\"\", \"\"]', '[\"146\", \"53\", \"103\", \"13\"]', '[\"Beyaz\", \"Siyah\"]', '[[\"image-placeholder.jpg\", \"image-placeholder.jpg\", \"image-placeholder.jpg\", \"image-placeholder.jpg\", \"image-placeholder.jpg\"], [\"image-placeholder.jpg\", \"image-placeholder.jpg\", \"image-placeholder.jpg\", \"image-placeholder.jpg\", \"image-placeholder.jpg\"]]', 380, 0, 315, 'M', 2, 9, 20, 1),
(219, 'cover-placeholder.jpg', 'urun-pantolon-13', 'url-pantolon-13', '[\"\", \"\"]', '[\"16\", \"54\", \"149\", \"112\"]', '[\"Beyaz\", \"Siyah\", \"Lacivert\", \"Gri\", \"Haki\"]', '[[\"image-placeholder.jpg\", \"image-placeholder.jpg\", \"image-placeholder.jpg\", \"image-placeholder.jpg\", \"image-placeholder.jpg\"], [\"image-placeholder.jpg\", \"image-placeholder.jpg\", \"image-placeholder.jpg\", \"image-placeholder.jpg\", \"image-placeholder.jpg\"], [\"image-placeholder.jpg\", \"image-placeholder.jpg\", \"image-placeholder.jpg\", \"image-placeholder.jpg\", \"image-placeholder.jpg\"], [\"image-placeholder.jpg\", \"image-placeholder.jpg\", \"image-placeholder.jpg\", \"image-placeholder.jpg\", \"image-placeholder.jpg\"], [\"image-placeholder.jpg\", \"image-placeholder.jpg\", \"image-placeholder.jpg\", \"image-placeholder.jpg\", \"image-placeholder.jpg\"]]', 157, 0, 331, 'F', 2, 11, 20, 3),
(220, 'cover-placeholder.jpg', 'urun-pantolon-14', 'url-pantolon-14', '[\"\", \"\"]', '[\"71\", \"59\", \"75\", \"32\"]', '[\"Beyaz\", \"Siyah\", \"Lacivert\"]', '[[\"image-placeholder.jpg\", \"image-placeholder.jpg\", \"image-placeholder.jpg\", \"image-placeholder.jpg\", \"image-placeholder.jpg\"], [\"image-placeholder.jpg\", \"image-placeholder.jpg\", \"image-placeholder.jpg\", \"image-placeholder.jpg\", \"image-placeholder.jpg\"], [\"image-placeholder.jpg\", \"image-placeholder.jpg\", \"image-placeholder.jpg\", \"image-placeholder.jpg\", \"image-placeholder.jpg\"]]', 367, 0, 237, 'M', 2, 9, 20, 3),
(221, 'cover-placeholder.jpg', 'urun-pantolon-15', 'url-pantolon-15', '[\"\", \"\"]', '[\"15\", \"150\", \"129\", \"74\"]', '[\"Beyaz\", \"Siyah\", \"Lacivert\"]', '[[\"image-placeholder.jpg\", \"image-placeholder.jpg\", \"image-placeholder.jpg\", \"image-placeholder.jpg\", \"image-placeholder.jpg\"], [\"image-placeholder.jpg\", \"image-placeholder.jpg\", \"image-placeholder.jpg\", \"image-placeholder.jpg\", \"image-placeholder.jpg\"], [\"image-placeholder.jpg\", \"image-placeholder.jpg\", \"image-placeholder.jpg\", \"image-placeholder.jpg\", \"image-placeholder.jpg\"]]', 179, 0, 368, 'M', 1, 9, 20, 1),
(222, 'cover-placeholder.jpg', 'urun-pantolon-16', 'url-pantolon-16', '[\"\", \"\"]', '[\"29\", \"4\", \"10\", \"64\"]', '[\"Beyaz\", \"Siyah\", \"Lacivert\", \"Gri\", \"Haki\"]', '[[\"image-placeholder.jpg\", \"image-placeholder.jpg\", \"image-placeholder.jpg\", \"image-placeholder.jpg\", \"image-placeholder.jpg\"], [\"image-placeholder.jpg\", \"image-placeholder.jpg\", \"image-placeholder.jpg\", \"image-placeholder.jpg\", \"image-placeholder.jpg\"], [\"image-placeholder.jpg\", \"image-placeholder.jpg\", \"image-placeholder.jpg\", \"image-placeholder.jpg\", \"image-placeholder.jpg\"], [\"image-placeholder.jpg\", \"image-placeholder.jpg\", \"image-placeholder.jpg\", \"image-placeholder.jpg\", \"image-placeholder.jpg\"], [\"image-placeholder.jpg\", \"image-placeholder.jpg\", \"image-placeholder.jpg\", \"image-placeholder.jpg\", \"image-placeholder.jpg\"]]', 150, 0, 107, 'F', 4, 9, 20, 1),
(223, 'cover-placeholder.jpg', 'urun-pantolon-17', 'url-pantolon-17', '[\"\", \"\"]', '[\"100\", \"33\", \"23\", \"103\"]', '[\"Beyaz\", \"Siyah\"]', '[[\"image-placeholder.jpg\", \"image-placeholder.jpg\", \"image-placeholder.jpg\", \"image-placeholder.jpg\", \"image-placeholder.jpg\"], [\"image-placeholder.jpg\", \"image-placeholder.jpg\", \"image-placeholder.jpg\", \"image-placeholder.jpg\", \"image-placeholder.jpg\"]]', 370, 0, 259, 'M', 3, 8, 20, 3),
(224, 'cover-placeholder.jpg', 'urun-pantolon-18', 'url-pantolon-18', '[\"\", \"\"]', '[\"50\", \"53\", \"28\", \"85\"]', '[\"Beyaz\", \"Siyah\", \"Lacivert\", \"Gri\"]', '[[\"image-placeholder.jpg\", \"image-placeholder.jpg\", \"image-placeholder.jpg\", \"image-placeholder.jpg\", \"image-placeholder.jpg\"], [\"image-placeholder.jpg\", \"image-placeholder.jpg\", \"image-placeholder.jpg\", \"image-placeholder.jpg\", \"image-placeholder.jpg\"], [\"image-placeholder.jpg\", \"image-placeholder.jpg\", \"image-placeholder.jpg\", \"image-placeholder.jpg\", \"image-placeholder.jpg\"], [\"image-placeholder.jpg\", \"image-placeholder.jpg\", \"image-placeholder.jpg\", \"image-placeholder.jpg\", \"image-placeholder.jpg\"]]', 219, 0, 216, 'M', 2, 9, 20, 1),
(225, 'cover-placeholder.jpg', 'urun-pantolon-19', 'url-pantolon-19', '[\"\", \"\"]', '[\"16\", \"34\", \"119\", \"2\"]', '[\"Beyaz\"]', '[[\"image-placeholder.jpg\", \"image-placeholder.jpg\", \"image-placeholder.jpg\", \"image-placeholder.jpg\", \"image-placeholder.jpg\"]]', 212, 0, 171, 'F', 1, 11, 20, 2),
(226, 'cover-placeholder.jpg', 'urun-pantolon-20', 'url-pantolon-20', '[\"\", \"\"]', '[\"111\", \"92\", \"46\", \"68\"]', '[\"Beyaz\", \"Siyah\", \"Lacivert\", \"Gri\"]', '[[\"image-placeholder.jpg\", \"image-placeholder.jpg\", \"image-placeholder.jpg\", \"image-placeholder.jpg\", \"image-placeholder.jpg\"], [\"image-placeholder.jpg\", \"image-placeholder.jpg\", \"image-placeholder.jpg\", \"image-placeholder.jpg\", \"image-placeholder.jpg\"], [\"image-placeholder.jpg\", \"image-placeholder.jpg\", \"image-placeholder.jpg\", \"image-placeholder.jpg\", \"image-placeholder.jpg\"], [\"image-placeholder.jpg\", \"image-placeholder.jpg\", \"image-placeholder.jpg\", \"image-placeholder.jpg\", \"image-placeholder.jpg\"]]', 206, 0, 317, 'M', 4, 10, 20, 1);
INSERT INTO `product` (`ProductId`, `Cover`, `Name`, `Url`, `Details`, `Size`, `Colors`, `Images`, `Price`, `Discount`, `Stock`, `Gender`, `SeasonId`, `AgeId`, `CategoryId`, `StyleId`) VALUES
(227, 'cover-placeholder.jpg', 'urun-pantolon-21', 'url-pantolon-21', '[\"\", \"\"]', '[\"96\", \"100\", \"120\", \"70\"]', '[\"Beyaz\", \"Siyah\"]', '[[\"image-placeholder.jpg\", \"image-placeholder.jpg\", \"image-placeholder.jpg\", \"image-placeholder.jpg\", \"image-placeholder.jpg\"], [\"image-placeholder.jpg\", \"image-placeholder.jpg\", \"image-placeholder.jpg\", \"image-placeholder.jpg\", \"image-placeholder.jpg\"]]', 185, 0, 386, 'F', 2, 8, 20, 3),
(228, 'cover-placeholder.jpg', 'urun-pantolon-22', 'url-pantolon-22', '[\"\", \"\"]', '[\"14\", \"145\", \"37\", \"145\"]', '[\"Beyaz\", \"Siyah\", \"Lacivert\", \"Gri\"]', '[[\"image-placeholder.jpg\", \"image-placeholder.jpg\", \"image-placeholder.jpg\", \"image-placeholder.jpg\", \"image-placeholder.jpg\"], [\"image-placeholder.jpg\", \"image-placeholder.jpg\", \"image-placeholder.jpg\", \"image-placeholder.jpg\", \"image-placeholder.jpg\"], [\"image-placeholder.jpg\", \"image-placeholder.jpg\", \"image-placeholder.jpg\", \"image-placeholder.jpg\", \"image-placeholder.jpg\"], [\"image-placeholder.jpg\", \"image-placeholder.jpg\", \"image-placeholder.jpg\", \"image-placeholder.jpg\", \"image-placeholder.jpg\"]]', 303, 0, 341, 'F', 3, 9, 20, 1),
(229, 'cover-placeholder.jpg', 'urun-pantolon-23', 'url-pantolon-23', '[\"\", \"\"]', '[\"63\", \"98\", \"36\", \"37\"]', '[\"Beyaz\", \"Siyah\"]', '[[\"image-placeholder.jpg\", \"image-placeholder.jpg\", \"image-placeholder.jpg\", \"image-placeholder.jpg\", \"image-placeholder.jpg\"], [\"image-placeholder.jpg\", \"image-placeholder.jpg\", \"image-placeholder.jpg\", \"image-placeholder.jpg\", \"image-placeholder.jpg\"]]', 334, 0, 234, 'F', 2, 9, 20, 3),
(230, 'cover-placeholder.jpg', 'urun-pantolon-24', 'url-pantolon-24', '[\"\", \"\"]', '[\"79\", \"145\", \"133\", \"53\"]', '[\"Beyaz\"]', '[[\"image-placeholder.jpg\", \"image-placeholder.jpg\", \"image-placeholder.jpg\", \"image-placeholder.jpg\", \"image-placeholder.jpg\"]]', 327, 0, 410, 'F', 1, 11, 20, 3),
(231, 'cover-placeholder.jpg', 'urun-pantolon-25', 'url-pantolon-25', '[\"\", \"\"]', '[\"23\", \"19\", \"86\", \"125\"]', '[\"Beyaz\", \"Siyah\"]', '[[\"image-placeholder.jpg\", \"image-placeholder.jpg\", \"image-placeholder.jpg\", \"image-placeholder.jpg\", \"image-placeholder.jpg\"], [\"image-placeholder.jpg\", \"image-placeholder.jpg\", \"image-placeholder.jpg\", \"image-placeholder.jpg\", \"image-placeholder.jpg\"]]', 207, 0, 253, 'M', 3, 9, 20, 1),
(232, 'cover-placeholder.jpg', 'urun-pantolon-26', 'url-pantolon-26', '[\"\", \"\"]', '[\"84\", \"36\", \"130\", \"57\"]', '[\"Beyaz\", \"Siyah\", \"Lacivert\"]', '[[\"image-placeholder.jpg\", \"image-placeholder.jpg\", \"image-placeholder.jpg\", \"image-placeholder.jpg\", \"image-placeholder.jpg\"], [\"image-placeholder.jpg\", \"image-placeholder.jpg\", \"image-placeholder.jpg\", \"image-placeholder.jpg\", \"image-placeholder.jpg\"], [\"image-placeholder.jpg\", \"image-placeholder.jpg\", \"image-placeholder.jpg\", \"image-placeholder.jpg\", \"image-placeholder.jpg\"]]', 183, 0, 307, 'M', 1, 11, 20, 2),
(233, 'cover-placeholder.jpg', 'urun-pantolon-27', 'url-pantolon-27', '[\"\", \"\"]', '[\"135\", \"136\", \"147\", \"81\"]', '[\"Beyaz\", \"Siyah\", \"Lacivert\", \"Gri\"]', '[[\"image-placeholder.jpg\", \"image-placeholder.jpg\", \"image-placeholder.jpg\", \"image-placeholder.jpg\", \"image-placeholder.jpg\"], [\"image-placeholder.jpg\", \"image-placeholder.jpg\", \"image-placeholder.jpg\", \"image-placeholder.jpg\", \"image-placeholder.jpg\"], [\"image-placeholder.jpg\", \"image-placeholder.jpg\", \"image-placeholder.jpg\", \"image-placeholder.jpg\", \"image-placeholder.jpg\"], [\"image-placeholder.jpg\", \"image-placeholder.jpg\", \"image-placeholder.jpg\", \"image-placeholder.jpg\", \"image-placeholder.jpg\"]]', 262, 0, 499, 'M', 3, 9, 20, 3),
(234, 'cover-placeholder.jpg', 'urun-pantolon-28', 'url-pantolon-28', '[\"\", \"\"]', '[\"61\", \"39\", \"39\", \"113\"]', '[\"Beyaz\", \"Siyah\", \"Lacivert\"]', '[[\"image-placeholder.jpg\", \"image-placeholder.jpg\", \"image-placeholder.jpg\", \"image-placeholder.jpg\", \"image-placeholder.jpg\"], [\"image-placeholder.jpg\", \"image-placeholder.jpg\", \"image-placeholder.jpg\", \"image-placeholder.jpg\", \"image-placeholder.jpg\"], [\"image-placeholder.jpg\", \"image-placeholder.jpg\", \"image-placeholder.jpg\", \"image-placeholder.jpg\", \"image-placeholder.jpg\"]]', 360, 0, 252, 'F', 2, 10, 20, 3),
(235, 'cover-placeholder.jpg', 'urun-pantolon-29', 'url-pantolon-29', '[\"\", \"\"]', '[\"92\", \"43\", \"43\", \"6\"]', '[\"Beyaz\", \"Siyah\", \"Lacivert\", \"Gri\", \"Haki\"]', '[[\"image-placeholder.jpg\", \"image-placeholder.jpg\", \"image-placeholder.jpg\", \"image-placeholder.jpg\", \"image-placeholder.jpg\"], [\"image-placeholder.jpg\", \"image-placeholder.jpg\", \"image-placeholder.jpg\", \"image-placeholder.jpg\", \"image-placeholder.jpg\"], [\"image-placeholder.jpg\", \"image-placeholder.jpg\", \"image-placeholder.jpg\", \"image-placeholder.jpg\", \"image-placeholder.jpg\"], [\"image-placeholder.jpg\", \"image-placeholder.jpg\", \"image-placeholder.jpg\", \"image-placeholder.jpg\", \"image-placeholder.jpg\"], [\"image-placeholder.jpg\", \"image-placeholder.jpg\", \"image-placeholder.jpg\", \"image-placeholder.jpg\", \"image-placeholder.jpg\"]]', 318, 0, 184, 'F', 3, 10, 20, 1),
(236, 'cover-placeholder.jpg', 'urun-pantolon-30', 'url-pantolon-30', '[\"\", \"\"]', '[\"31\", \"146\", \"138\", \"1\"]', '[\"Beyaz\", \"Siyah\"]', '[[\"image-placeholder.jpg\", \"image-placeholder.jpg\", \"image-placeholder.jpg\", \"image-placeholder.jpg\", \"image-placeholder.jpg\"], [\"image-placeholder.jpg\", \"image-placeholder.jpg\", \"image-placeholder.jpg\", \"image-placeholder.jpg\", \"image-placeholder.jpg\"]]', 259, 0, 316, 'M', 1, 11, 20, 1),
(237, 'cover-placeholder.jpg', 'urun-pantolon-31', 'url-pantolon-31', '[\"\", \"\"]', '[\"113\", \"50\", \"102\", \"134\"]', '[\"Beyaz\", \"Siyah\", \"Lacivert\", \"Gri\", \"Haki\"]', '[[\"image-placeholder.jpg\", \"image-placeholder.jpg\", \"image-placeholder.jpg\", \"image-placeholder.jpg\", \"image-placeholder.jpg\"], [\"image-placeholder.jpg\", \"image-placeholder.jpg\", \"image-placeholder.jpg\", \"image-placeholder.jpg\", \"image-placeholder.jpg\"], [\"image-placeholder.jpg\", \"image-placeholder.jpg\", \"image-placeholder.jpg\", \"image-placeholder.jpg\", \"image-placeholder.jpg\"], [\"image-placeholder.jpg\", \"image-placeholder.jpg\", \"image-placeholder.jpg\", \"image-placeholder.jpg\", \"image-placeholder.jpg\"], [\"image-placeholder.jpg\", \"image-placeholder.jpg\", \"image-placeholder.jpg\", \"image-placeholder.jpg\", \"image-placeholder.jpg\"]]', 389, 0, 399, 'M', 3, 9, 20, 3),
(238, 'cover-placeholder.jpg', 'urun-pantolon-32', 'url-pantolon-32', '[\"\", \"\"]', '[\"31\", \"41\", \"147\", \"33\"]', '[\"Beyaz\"]', '[[\"image-placeholder.jpg\", \"image-placeholder.jpg\", \"image-placeholder.jpg\", \"image-placeholder.jpg\", \"image-placeholder.jpg\"]]', 228, 0, 252, 'F', 2, 8, 20, 3),
(239, 'cover-placeholder.jpg', 'urun-pantolon-33', 'url-pantolon-33', '[\"\", \"\"]', '[\"123\", \"43\", \"53\", \"80\"]', '[\"Beyaz\"]', '[[\"image-placeholder.jpg\", \"image-placeholder.jpg\", \"image-placeholder.jpg\", \"image-placeholder.jpg\", \"image-placeholder.jpg\"]]', 305, 0, 299, 'F', 4, 10, 20, 1),
(240, 'cover-placeholder.jpg', 'urun-pantolon-34', 'url-pantolon-34', '[\"\", \"\"]', '[\"101\", \"25\", \"126\", \"108\"]', '[\"Beyaz\", \"Siyah\", \"Lacivert\", \"Gri\"]', '[[\"image-placeholder.jpg\", \"image-placeholder.jpg\", \"image-placeholder.jpg\", \"image-placeholder.jpg\", \"image-placeholder.jpg\"], [\"image-placeholder.jpg\", \"image-placeholder.jpg\", \"image-placeholder.jpg\", \"image-placeholder.jpg\", \"image-placeholder.jpg\"], [\"image-placeholder.jpg\", \"image-placeholder.jpg\", \"image-placeholder.jpg\", \"image-placeholder.jpg\", \"image-placeholder.jpg\"], [\"image-placeholder.jpg\", \"image-placeholder.jpg\", \"image-placeholder.jpg\", \"image-placeholder.jpg\", \"image-placeholder.jpg\"]]', 163, 0, 360, 'F', 2, 10, 20, 3),
(241, 'cover-placeholder.jpg', 'urun-pantolon-35', 'url-pantolon-35', '[\"\", \"\"]', '[\"68\", \"48\", \"110\", \"109\"]', '[\"Beyaz\", \"Siyah\", \"Lacivert\"]', '[[\"image-placeholder.jpg\", \"image-placeholder.jpg\", \"image-placeholder.jpg\", \"image-placeholder.jpg\", \"image-placeholder.jpg\"], [\"image-placeholder.jpg\", \"image-placeholder.jpg\", \"image-placeholder.jpg\", \"image-placeholder.jpg\", \"image-placeholder.jpg\"], [\"image-placeholder.jpg\", \"image-placeholder.jpg\", \"image-placeholder.jpg\", \"image-placeholder.jpg\", \"image-placeholder.jpg\"]]', 170, 0, 335, 'F', 3, 10, 20, 3),
(242, 'cover-placeholder.jpg', 'urun-pantolon-36', 'url-pantolon-36', '[\"\", \"\"]', '[\"88\", \"131\", \"19\", \"135\"]', '[\"Beyaz\"]', '[[\"image-placeholder.jpg\", \"image-placeholder.jpg\", \"image-placeholder.jpg\", \"image-placeholder.jpg\", \"image-placeholder.jpg\"]]', 228, 0, 373, 'F', 2, 10, 20, 2),
(243, 'cover-placeholder.jpg', 'urun-pantolon-37', 'url-pantolon-37', '[\"\", \"\"]', '[\"102\", \"35\", \"81\", \"22\"]', '[\"Beyaz\", \"Siyah\"]', '[[\"image-placeholder.jpg\", \"image-placeholder.jpg\", \"image-placeholder.jpg\", \"image-placeholder.jpg\", \"image-placeholder.jpg\"], [\"image-placeholder.jpg\", \"image-placeholder.jpg\", \"image-placeholder.jpg\", \"image-placeholder.jpg\", \"image-placeholder.jpg\"]]', 185, 0, 240, 'M', 2, 10, 20, 1),
(244, 'cover-placeholder.jpg', 'urun-pantolon-38', 'url-pantolon-38', '[\"\", \"\"]', '[\"76\", \"8\", \"22\", \"23\"]', '[\"Beyaz\", \"Siyah\", \"Lacivert\", \"Gri\", \"Haki\"]', '[[\"image-placeholder.jpg\", \"image-placeholder.jpg\", \"image-placeholder.jpg\", \"image-placeholder.jpg\", \"image-placeholder.jpg\"], [\"image-placeholder.jpg\", \"image-placeholder.jpg\", \"image-placeholder.jpg\", \"image-placeholder.jpg\", \"image-placeholder.jpg\"], [\"image-placeholder.jpg\", \"image-placeholder.jpg\", \"image-placeholder.jpg\", \"image-placeholder.jpg\", \"image-placeholder.jpg\"], [\"image-placeholder.jpg\", \"image-placeholder.jpg\", \"image-placeholder.jpg\", \"image-placeholder.jpg\", \"image-placeholder.jpg\"], [\"image-placeholder.jpg\", \"image-placeholder.jpg\", \"image-placeholder.jpg\", \"image-placeholder.jpg\", \"image-placeholder.jpg\"]]', 336, 0, 129, 'M', 2, 11, 20, 2),
(245, 'cover-placeholder.jpg', 'urun-pantolon-39', 'url-pantolon-39', '[\"\", \"\"]', '[\"59\", \"28\", \"31\", \"110\"]', '[\"Beyaz\", \"Siyah\"]', '[[\"image-placeholder.jpg\", \"image-placeholder.jpg\", \"image-placeholder.jpg\", \"image-placeholder.jpg\", \"image-placeholder.jpg\"], [\"image-placeholder.jpg\", \"image-placeholder.jpg\", \"image-placeholder.jpg\", \"image-placeholder.jpg\", \"image-placeholder.jpg\"]]', 320, 0, 228, 'F', 4, 8, 20, 1),
(246, 'cover-placeholder.jpg', 'urun-pantolon-40', 'url-pantolon-40', '[\"\", \"\"]', '[\"118\", \"134\", \"107\", \"53\"]', '[\"Beyaz\", \"Siyah\"]', '[[\"image-placeholder.jpg\", \"image-placeholder.jpg\", \"image-placeholder.jpg\", \"image-placeholder.jpg\", \"image-placeholder.jpg\"], [\"image-placeholder.jpg\", \"image-placeholder.jpg\", \"image-placeholder.jpg\", \"image-placeholder.jpg\", \"image-placeholder.jpg\"]]', 223, 0, 412, 'F', 1, 11, 20, 3),
(247, 'cover-placeholder.jpg', 'urun-pantolon-41', 'url-pantolon-41', '[\"\", \"\"]', '[\"123\", \"89\", \"23\", \"46\"]', '[\"Beyaz\"]', '[[\"image-placeholder.jpg\", \"image-placeholder.jpg\", \"image-placeholder.jpg\", \"image-placeholder.jpg\", \"image-placeholder.jpg\"]]', 154, 0, 281, 'F', 1, 9, 20, 2),
(248, 'cover-placeholder.jpg', 'urun-pantolon-42', 'url-pantolon-42', '[\"\", \"\"]', '[\"1\", \"13\", \"128\", \"8\"]', '[\"Beyaz\", \"Siyah\", \"Lacivert\", \"Gri\"]', '[[\"image-placeholder.jpg\", \"image-placeholder.jpg\", \"image-placeholder.jpg\", \"image-placeholder.jpg\", \"image-placeholder.jpg\"], [\"image-placeholder.jpg\", \"image-placeholder.jpg\", \"image-placeholder.jpg\", \"image-placeholder.jpg\", \"image-placeholder.jpg\"], [\"image-placeholder.jpg\", \"image-placeholder.jpg\", \"image-placeholder.jpg\", \"image-placeholder.jpg\", \"image-placeholder.jpg\"], [\"image-placeholder.jpg\", \"image-placeholder.jpg\", \"image-placeholder.jpg\", \"image-placeholder.jpg\", \"image-placeholder.jpg\"]]', 202, 0, 150, 'M', 2, 10, 20, 2),
(249, 'cover-placeholder.jpg', 'urun-pantolon-43', 'url-pantolon-43', '[\"\", \"\"]', '[\"120\", \"7\", \"147\", \"22\"]', '[\"Beyaz\", \"Siyah\", \"Lacivert\"]', '[[\"image-placeholder.jpg\", \"image-placeholder.jpg\", \"image-placeholder.jpg\", \"image-placeholder.jpg\", \"image-placeholder.jpg\"], [\"image-placeholder.jpg\", \"image-placeholder.jpg\", \"image-placeholder.jpg\", \"image-placeholder.jpg\", \"image-placeholder.jpg\"], [\"image-placeholder.jpg\", \"image-placeholder.jpg\", \"image-placeholder.jpg\", \"image-placeholder.jpg\", \"image-placeholder.jpg\"]]', 191, 0, 296, 'M', 2, 10, 20, 3),
(250, 'cover-placeholder.jpg', 'urun-pantolon-44', 'url-pantolon-44', '[\"\", \"\"]', '[\"72\", \"96\", \"69\", \"107\"]', '[\"Beyaz\", \"Siyah\", \"Lacivert\", \"Gri\"]', '[[\"image-placeholder.jpg\", \"image-placeholder.jpg\", \"image-placeholder.jpg\", \"image-placeholder.jpg\", \"image-placeholder.jpg\"], [\"image-placeholder.jpg\", \"image-placeholder.jpg\", \"image-placeholder.jpg\", \"image-placeholder.jpg\", \"image-placeholder.jpg\"], [\"image-placeholder.jpg\", \"image-placeholder.jpg\", \"image-placeholder.jpg\", \"image-placeholder.jpg\", \"image-placeholder.jpg\"], [\"image-placeholder.jpg\", \"image-placeholder.jpg\", \"image-placeholder.jpg\", \"image-placeholder.jpg\", \"image-placeholder.jpg\"]]', 154, 0, 344, 'M', 2, 8, 20, 2),
(251, 'cover-placeholder.jpg', 'urun-pantolon-45', 'url-pantolon-45', '[\"\", \"\"]', '[\"26\", \"89\", \"29\", \"40\"]', '[\"Beyaz\", \"Siyah\", \"Lacivert\", \"Gri\"]', '[[\"image-placeholder.jpg\", \"image-placeholder.jpg\", \"image-placeholder.jpg\", \"image-placeholder.jpg\", \"image-placeholder.jpg\"], [\"image-placeholder.jpg\", \"image-placeholder.jpg\", \"image-placeholder.jpg\", \"image-placeholder.jpg\", \"image-placeholder.jpg\"], [\"image-placeholder.jpg\", \"image-placeholder.jpg\", \"image-placeholder.jpg\", \"image-placeholder.jpg\", \"image-placeholder.jpg\"], [\"image-placeholder.jpg\", \"image-placeholder.jpg\", \"image-placeholder.jpg\", \"image-placeholder.jpg\", \"image-placeholder.jpg\"]]', 259, 0, 184, 'F', 4, 9, 20, 2),
(252, 'cover-placeholder.jpg', 'urun-pantolon-46', 'url-pantolon-46', '[\"\", \"\"]', '[\"70\", \"13\", \"21\", \"103\"]', '[\"Beyaz\", \"Siyah\"]', '[[\"image-placeholder.jpg\", \"image-placeholder.jpg\", \"image-placeholder.jpg\", \"image-placeholder.jpg\", \"image-placeholder.jpg\"], [\"image-placeholder.jpg\", \"image-placeholder.jpg\", \"image-placeholder.jpg\", \"image-placeholder.jpg\", \"image-placeholder.jpg\"]]', 229, 0, 207, 'F', 3, 8, 20, 2),
(253, 'cover-placeholder.jpg', 'urun-pantolon-47', 'url-pantolon-47', '[\"\", \"\"]', '[\"57\", \"28\", \"125\", \"138\"]', '[\"Beyaz\", \"Siyah\", \"Lacivert\", \"Gri\"]', '[[\"image-placeholder.jpg\", \"image-placeholder.jpg\", \"image-placeholder.jpg\", \"image-placeholder.jpg\", \"image-placeholder.jpg\"], [\"image-placeholder.jpg\", \"image-placeholder.jpg\", \"image-placeholder.jpg\", \"image-placeholder.jpg\", \"image-placeholder.jpg\"], [\"image-placeholder.jpg\", \"image-placeholder.jpg\", \"image-placeholder.jpg\", \"image-placeholder.jpg\", \"image-placeholder.jpg\"], [\"image-placeholder.jpg\", \"image-placeholder.jpg\", \"image-placeholder.jpg\", \"image-placeholder.jpg\", \"image-placeholder.jpg\"]]', 208, 0, 348, 'M', 1, 10, 20, 2),
(254, 'cover-placeholder.jpg', 'urun-pantolon-48', 'url-pantolon-48', '[\"\", \"\"]', '[\"84\", \"8\", \"91\", \"87\"]', '[\"Beyaz\", \"Siyah\", \"Lacivert\", \"Gri\", \"Haki\"]', '[[\"image-placeholder.jpg\", \"image-placeholder.jpg\", \"image-placeholder.jpg\", \"image-placeholder.jpg\", \"image-placeholder.jpg\"], [\"image-placeholder.jpg\", \"image-placeholder.jpg\", \"image-placeholder.jpg\", \"image-placeholder.jpg\", \"image-placeholder.jpg\"], [\"image-placeholder.jpg\", \"image-placeholder.jpg\", \"image-placeholder.jpg\", \"image-placeholder.jpg\", \"image-placeholder.jpg\"], [\"image-placeholder.jpg\", \"image-placeholder.jpg\", \"image-placeholder.jpg\", \"image-placeholder.jpg\", \"image-placeholder.jpg\"], [\"image-placeholder.jpg\", \"image-placeholder.jpg\", \"image-placeholder.jpg\", \"image-placeholder.jpg\", \"image-placeholder.jpg\"]]', 386, 0, 270, 'F', 4, 9, 20, 2),
(255, 'cover-placeholder.jpg', 'urun-pantolon-49', 'url-pantolon-49', '[\"\", \"\"]', '[\"72\", \"94\", \"84\", \"87\"]', '[\"Beyaz\", \"Siyah\", \"Lacivert\", \"Gri\", \"Haki\"]', '[[\"image-placeholder.jpg\", \"image-placeholder.jpg\", \"image-placeholder.jpg\", \"image-placeholder.jpg\", \"image-placeholder.jpg\"], [\"image-placeholder.jpg\", \"image-placeholder.jpg\", \"image-placeholder.jpg\", \"image-placeholder.jpg\", \"image-placeholder.jpg\"], [\"image-placeholder.jpg\", \"image-placeholder.jpg\", \"image-placeholder.jpg\", \"image-placeholder.jpg\", \"image-placeholder.jpg\"], [\"image-placeholder.jpg\", \"image-placeholder.jpg\", \"image-placeholder.jpg\", \"image-placeholder.jpg\", \"image-placeholder.jpg\"], [\"image-placeholder.jpg\", \"image-placeholder.jpg\", \"image-placeholder.jpg\", \"image-placeholder.jpg\", \"image-placeholder.jpg\"]]', 272, 0, 337, 'M', 2, 10, 20, 1),
(256, 'cover-placeholder.jpg', 'urun-pantolon-50', 'url-pantolon-50', '[\"\", \"\"]', '[\"64\", \"68\", \"85\", \"97\"]', '[\"Beyaz\", \"Siyah\", \"Lacivert\"]', '[[\"image-placeholder.jpg\", \"image-placeholder.jpg\", \"image-placeholder.jpg\", \"image-placeholder.jpg\", \"image-placeholder.jpg\"], [\"image-placeholder.jpg\", \"image-placeholder.jpg\", \"image-placeholder.jpg\", \"image-placeholder.jpg\", \"image-placeholder.jpg\"], [\"image-placeholder.jpg\", \"image-placeholder.jpg\", \"image-placeholder.jpg\", \"image-placeholder.jpg\", \"image-placeholder.jpg\"]]', 172, 0, 314, 'F', 2, 10, 20, 1),
(257, 'cover-placeholder.jpg', 'urun-pantolon-51', 'url-pantolon-51', '[\"\", \"\"]', '[\"110\", \"143\", \"4\", \"134\"]', '[\"Beyaz\", \"Siyah\", \"Lacivert\", \"Gri\", \"Haki\"]', '[[\"image-placeholder.jpg\", \"image-placeholder.jpg\", \"image-placeholder.jpg\", \"image-placeholder.jpg\", \"image-placeholder.jpg\"], [\"image-placeholder.jpg\", \"image-placeholder.jpg\", \"image-placeholder.jpg\", \"image-placeholder.jpg\", \"image-placeholder.jpg\"], [\"image-placeholder.jpg\", \"image-placeholder.jpg\", \"image-placeholder.jpg\", \"image-placeholder.jpg\", \"image-placeholder.jpg\"], [\"image-placeholder.jpg\", \"image-placeholder.jpg\", \"image-placeholder.jpg\", \"image-placeholder.jpg\", \"image-placeholder.jpg\"], [\"image-placeholder.jpg\", \"image-placeholder.jpg\", \"image-placeholder.jpg\", \"image-placeholder.jpg\", \"image-placeholder.jpg\"]]', 341, 0, 391, 'F', 3, 9, 20, 3),
(258, 'cover-placeholder.jpg', 'urun-pantolon-52', 'url-pantolon-52', '[\"\", \"\"]', '[\"5\", \"72\", \"91\", \"2\"]', '[\"Beyaz\", \"Siyah\", \"Lacivert\"]', '[[\"image-placeholder.jpg\", \"image-placeholder.jpg\", \"image-placeholder.jpg\", \"image-placeholder.jpg\", \"image-placeholder.jpg\"], [\"image-placeholder.jpg\", \"image-placeholder.jpg\", \"image-placeholder.jpg\", \"image-placeholder.jpg\", \"image-placeholder.jpg\"], [\"image-placeholder.jpg\", \"image-placeholder.jpg\", \"image-placeholder.jpg\", \"image-placeholder.jpg\", \"image-placeholder.jpg\"]]', 309, 0, 170, 'M', 3, 11, 20, 3),
(259, 'cover-placeholder.jpg', 'urun-pantolon-53', 'url-pantolon-53', '[\"\", \"\"]', '[\"69\", \"49\", \"135\", \"48\"]', '[\"Beyaz\", \"Siyah\"]', '[[\"image-placeholder.jpg\", \"image-placeholder.jpg\", \"image-placeholder.jpg\", \"image-placeholder.jpg\", \"image-placeholder.jpg\"], [\"image-placeholder.jpg\", \"image-placeholder.jpg\", \"image-placeholder.jpg\", \"image-placeholder.jpg\", \"image-placeholder.jpg\"]]', 291, 0, 301, 'F', 3, 8, 20, 2),
(260, 'cover-placeholder.jpg', 'urun-pantolon-54', 'url-pantolon-54', '[\"\", \"\"]', '[\"121\", \"32\", \"29\", \"70\"]', '[\"Beyaz\", \"Siyah\", \"Lacivert\", \"Gri\", \"Haki\"]', '[[\"image-placeholder.jpg\", \"image-placeholder.jpg\", \"image-placeholder.jpg\", \"image-placeholder.jpg\", \"image-placeholder.jpg\"], [\"image-placeholder.jpg\", \"image-placeholder.jpg\", \"image-placeholder.jpg\", \"image-placeholder.jpg\", \"image-placeholder.jpg\"], [\"image-placeholder.jpg\", \"image-placeholder.jpg\", \"image-placeholder.jpg\", \"image-placeholder.jpg\", \"image-placeholder.jpg\"], [\"image-placeholder.jpg\", \"image-placeholder.jpg\", \"image-placeholder.jpg\", \"image-placeholder.jpg\", \"image-placeholder.jpg\"], [\"image-placeholder.jpg\", \"image-placeholder.jpg\", \"image-placeholder.jpg\", \"image-placeholder.jpg\", \"image-placeholder.jpg\"]]', 319, 0, 252, 'M', 2, 11, 20, 2),
(261, 'cover-placeholder.jpg', 'urun-pantolon-55', 'url-pantolon-55', '[\"\", \"\"]', '[\"126\", \"93\", \"129\", \"22\"]', '[\"Beyaz\", \"Siyah\"]', '[[\"image-placeholder.jpg\", \"image-placeholder.jpg\", \"image-placeholder.jpg\", \"image-placeholder.jpg\", \"image-placeholder.jpg\"], [\"image-placeholder.jpg\", \"image-placeholder.jpg\", \"image-placeholder.jpg\", \"image-placeholder.jpg\", \"image-placeholder.jpg\"]]', 323, 0, 370, 'F', 4, 9, 20, 1),
(262, 'cover-placeholder.jpg', 'urun-pantolon-56', 'url-pantolon-56', '[\"\", \"\"]', '[\"64\", \"10\", \"65\", \"27\"]', '[\"Beyaz\"]', '[[\"image-placeholder.jpg\", \"image-placeholder.jpg\", \"image-placeholder.jpg\", \"image-placeholder.jpg\", \"image-placeholder.jpg\"]]', 357, 0, 166, 'M', 1, 10, 20, 1),
(263, 'cover-placeholder.jpg', 'urun-pantolon-57', 'url-pantolon-57', '[\"\", \"\"]', '[\"54\", \"53\", \"20\", \"10\"]', '[\"Beyaz\", \"Siyah\", \"Lacivert\", \"Gri\"]', '[[\"image-placeholder.jpg\", \"image-placeholder.jpg\", \"image-placeholder.jpg\", \"image-placeholder.jpg\", \"image-placeholder.jpg\"], [\"image-placeholder.jpg\", \"image-placeholder.jpg\", \"image-placeholder.jpg\", \"image-placeholder.jpg\", \"image-placeholder.jpg\"], [\"image-placeholder.jpg\", \"image-placeholder.jpg\", \"image-placeholder.jpg\", \"image-placeholder.jpg\", \"image-placeholder.jpg\"], [\"image-placeholder.jpg\", \"image-placeholder.jpg\", \"image-placeholder.jpg\", \"image-placeholder.jpg\", \"image-placeholder.jpg\"]]', 236, 0, 137, 'F', 3, 10, 20, 2),
(264, 'cover-placeholder.jpg', 'urun-pantolon-58', 'url-pantolon-58', '[\"\", \"\"]', '[\"141\", \"100\", \"90\", \"12\"]', '[\"Beyaz\", \"Siyah\", \"Lacivert\", \"Gri\", \"Haki\"]', '[[\"image-placeholder.jpg\", \"image-placeholder.jpg\", \"image-placeholder.jpg\", \"image-placeholder.jpg\", \"image-placeholder.jpg\"], [\"image-placeholder.jpg\", \"image-placeholder.jpg\", \"image-placeholder.jpg\", \"image-placeholder.jpg\", \"image-placeholder.jpg\"], [\"image-placeholder.jpg\", \"image-placeholder.jpg\", \"image-placeholder.jpg\", \"image-placeholder.jpg\", \"image-placeholder.jpg\"], [\"image-placeholder.jpg\", \"image-placeholder.jpg\", \"image-placeholder.jpg\", \"image-placeholder.jpg\", \"image-placeholder.jpg\"], [\"image-placeholder.jpg\", \"image-placeholder.jpg\", \"image-placeholder.jpg\", \"image-placeholder.jpg\", \"image-placeholder.jpg\"]]', 285, 0, 343, 'M', 3, 8, 20, 2),
(265, 'cover-placeholder.jpg', 'urun-pantolon-59', 'url-pantolon-59', '[\"\", \"\"]', '[\"23\", \"89\", \"7\", \"43\"]', '[\"Beyaz\", \"Siyah\"]', '[[\"image-placeholder.jpg\", \"image-placeholder.jpg\", \"image-placeholder.jpg\", \"image-placeholder.jpg\", \"image-placeholder.jpg\"], [\"image-placeholder.jpg\", \"image-placeholder.jpg\", \"image-placeholder.jpg\", \"image-placeholder.jpg\", \"image-placeholder.jpg\"]]', 315, 0, 162, 'M', 2, 9, 20, 3),
(266, 'cover-placeholder.jpg', 'urun-pantolon-60', 'url-pantolon-60', '[\"\", \"\"]', '[\"109\", \"102\", \"16\", \"86\"]', '[\"Beyaz\", \"Siyah\", \"Lacivert\"]', '[[\"image-placeholder.jpg\", \"image-placeholder.jpg\", \"image-placeholder.jpg\", \"image-placeholder.jpg\", \"image-placeholder.jpg\"], [\"image-placeholder.jpg\", \"image-placeholder.jpg\", \"image-placeholder.jpg\", \"image-placeholder.jpg\", \"image-placeholder.jpg\"], [\"image-placeholder.jpg\", \"image-placeholder.jpg\", \"image-placeholder.jpg\", \"image-placeholder.jpg\", \"image-placeholder.jpg\"]]', 322, 0, 313, 'M', 1, 11, 20, 3),
(267, 'cover-placeholder.jpg', 'urun-pantolon-61', 'url-pantolon-61', '[\"\", \"\"]', '[\"55\", \"98\", \"95\", \"103\"]', '[\"Beyaz\", \"Siyah\"]', '[[\"image-placeholder.jpg\", \"image-placeholder.jpg\", \"image-placeholder.jpg\", \"image-placeholder.jpg\", \"image-placeholder.jpg\"], [\"image-placeholder.jpg\", \"image-placeholder.jpg\", \"image-placeholder.jpg\", \"image-placeholder.jpg\", \"image-placeholder.jpg\"]]', 206, 0, 351, 'M', 3, 9, 20, 2),
(268, 'cover-placeholder.jpg', 'urun-pantolon-62', 'url-pantolon-62', '[\"\", \"\"]', '[\"12\", \"109\", \"72\", \"104\"]', '[\"Beyaz\", \"Siyah\"]', '[[\"image-placeholder.jpg\", \"image-placeholder.jpg\", \"image-placeholder.jpg\", \"image-placeholder.jpg\", \"image-placeholder.jpg\"], [\"image-placeholder.jpg\", \"image-placeholder.jpg\", \"image-placeholder.jpg\", \"image-placeholder.jpg\", \"image-placeholder.jpg\"]]', 198, 0, 297, 'F', 3, 9, 20, 1),
(269, 'cover-placeholder.jpg', 'urun-pantolon-63', 'url-pantolon-63', '[\"\", \"\"]', '[\"119\", \"48\", \"150\", \"76\"]', '[\"Beyaz\", \"Siyah\", \"Lacivert\", \"Gri\", \"Haki\"]', '[[\"image-placeholder.jpg\", \"image-placeholder.jpg\", \"image-placeholder.jpg\", \"image-placeholder.jpg\", \"image-placeholder.jpg\"], [\"image-placeholder.jpg\", \"image-placeholder.jpg\", \"image-placeholder.jpg\", \"image-placeholder.jpg\", \"image-placeholder.jpg\"], [\"image-placeholder.jpg\", \"image-placeholder.jpg\", \"image-placeholder.jpg\", \"image-placeholder.jpg\", \"image-placeholder.jpg\"], [\"image-placeholder.jpg\", \"image-placeholder.jpg\", \"image-placeholder.jpg\", \"image-placeholder.jpg\", \"image-placeholder.jpg\"], [\"image-placeholder.jpg\", \"image-placeholder.jpg\", \"image-placeholder.jpg\", \"image-placeholder.jpg\", \"image-placeholder.jpg\"]]', 353, 0, 393, 'M', 3, 8, 20, 1),
(270, 'cover-placeholder.jpg', 'urun-pantolon-64', 'url-pantolon-64', '[\"\", \"\"]', '[\"65\", \"102\", \"100\", \"64\"]', '[\"Beyaz\", \"Siyah\", \"Lacivert\"]', '[[\"image-placeholder.jpg\", \"image-placeholder.jpg\", \"image-placeholder.jpg\", \"image-placeholder.jpg\", \"image-placeholder.jpg\"], [\"image-placeholder.jpg\", \"image-placeholder.jpg\", \"image-placeholder.jpg\", \"image-placeholder.jpg\", \"image-placeholder.jpg\"], [\"image-placeholder.jpg\", \"image-placeholder.jpg\", \"image-placeholder.jpg\", \"image-placeholder.jpg\", \"image-placeholder.jpg\"]]', 316, 0, 331, 'M', 3, 11, 20, 2),
(271, 'cover-placeholder.jpg', 'urun-pantolon-65', 'url-pantolon-65', '[\"\", \"\"]', '[\"148\", \"133\", \"62\", \"147\"]', '[\"Beyaz\", \"Siyah\", \"Lacivert\"]', '[[\"image-placeholder.jpg\", \"image-placeholder.jpg\", \"image-placeholder.jpg\", \"image-placeholder.jpg\", \"image-placeholder.jpg\"], [\"image-placeholder.jpg\", \"image-placeholder.jpg\", \"image-placeholder.jpg\", \"image-placeholder.jpg\", \"image-placeholder.jpg\"], [\"image-placeholder.jpg\", \"image-placeholder.jpg\", \"image-placeholder.jpg\", \"image-placeholder.jpg\", \"image-placeholder.jpg\"]]', 169, 0, 490, 'F', 2, 8, 20, 3),
(272, 'cover-placeholder.jpg', 'urun-pantolon-66', 'url-pantolon-66', '[\"\", \"\"]', '[\"2\", \"117\", \"40\", \"13\"]', '[\"Beyaz\"]', '[[\"image-placeholder.jpg\", \"image-placeholder.jpg\", \"image-placeholder.jpg\", \"image-placeholder.jpg\", \"image-placeholder.jpg\"]]', 383, 0, 172, 'M', 1, 8, 20, 2),
(273, 'cover-placeholder.jpg', 'urun-pantolon-67', 'url-pantolon-67', '[\"\", \"\"]', '[\"86\", \"19\", \"60\", \"11\"]', '[\"Beyaz\", \"Siyah\", \"Lacivert\", \"Gri\", \"Haki\"]', '[[\"image-placeholder.jpg\", \"image-placeholder.jpg\", \"image-placeholder.jpg\", \"image-placeholder.jpg\", \"image-placeholder.jpg\"], [\"image-placeholder.jpg\", \"image-placeholder.jpg\", \"image-placeholder.jpg\", \"image-placeholder.jpg\", \"image-placeholder.jpg\"], [\"image-placeholder.jpg\", \"image-placeholder.jpg\", \"image-placeholder.jpg\", \"image-placeholder.jpg\", \"image-placeholder.jpg\"], [\"image-placeholder.jpg\", \"image-placeholder.jpg\", \"image-placeholder.jpg\", \"image-placeholder.jpg\", \"image-placeholder.jpg\"], [\"image-placeholder.jpg\", \"image-placeholder.jpg\", \"image-placeholder.jpg\", \"image-placeholder.jpg\", \"image-placeholder.jpg\"]]', 275, 0, 176, 'F', 4, 11, 20, 3),
(274, 'cover-placeholder.jpg', 'urun-pantolon-68', 'url-pantolon-68', '[\"\", \"\"]', '[\"28\", \"33\", \"38\", \"107\"]', '[\"Beyaz\", \"Siyah\", \"Lacivert\", \"Gri\", \"Haki\"]', '[[\"image-placeholder.jpg\", \"image-placeholder.jpg\", \"image-placeholder.jpg\", \"image-placeholder.jpg\", \"image-placeholder.jpg\"], [\"image-placeholder.jpg\", \"image-placeholder.jpg\", \"image-placeholder.jpg\", \"image-placeholder.jpg\", \"image-placeholder.jpg\"], [\"image-placeholder.jpg\", \"image-placeholder.jpg\", \"image-placeholder.jpg\", \"image-placeholder.jpg\", \"image-placeholder.jpg\"], [\"image-placeholder.jpg\", \"image-placeholder.jpg\", \"image-placeholder.jpg\", \"image-placeholder.jpg\", \"image-placeholder.jpg\"], [\"image-placeholder.jpg\", \"image-placeholder.jpg\", \"image-placeholder.jpg\", \"image-placeholder.jpg\", \"image-placeholder.jpg\"]]', 321, 0, 206, 'F', 1, 9, 20, 1),
(275, 'cover-placeholder.jpg', 'urun-pantolon-69', 'url-pantolon-69', '[\"\", \"\"]', '[\"32\", \"81\", \"11\", \"82\"]', '[\"Beyaz\", \"Siyah\"]', '[[\"image-placeholder.jpg\", \"image-placeholder.jpg\", \"image-placeholder.jpg\", \"image-placeholder.jpg\", \"image-placeholder.jpg\"], [\"image-placeholder.jpg\", \"image-placeholder.jpg\", \"image-placeholder.jpg\", \"image-placeholder.jpg\", \"image-placeholder.jpg\"]]', 356, 0, 206, 'F', 1, 8, 20, 3),
(276, 'cover-placeholder.jpg', 'urun-pantolon-70', 'url-pantolon-70', '[\"\", \"\"]', '[\"45\", \"16\", \"135\", \"122\"]', '[\"Beyaz\"]', '[[\"image-placeholder.jpg\", \"image-placeholder.jpg\", \"image-placeholder.jpg\", \"image-placeholder.jpg\", \"image-placeholder.jpg\"]]', 286, 0, 318, 'M', 1, 10, 20, 1),
(277, 'cover-placeholder.jpg', 'urun-pantolon-71', 'url-pantolon-71', '[\"\", \"\"]', '[\"37\", \"24\", \"56\", \"61\"]', '[\"Beyaz\", \"Siyah\"]', '[[\"image-placeholder.jpg\", \"image-placeholder.jpg\", \"image-placeholder.jpg\", \"image-placeholder.jpg\", \"image-placeholder.jpg\"], [\"image-placeholder.jpg\", \"image-placeholder.jpg\", \"image-placeholder.jpg\", \"image-placeholder.jpg\", \"image-placeholder.jpg\"]]', 333, 0, 178, 'M', 2, 11, 20, 3),
(278, 'cover-placeholder.jpg', 'urun-pantolon-72', 'url-pantolon-72', '[\"\", \"\"]', '[\"117\", \"60\", \"30\", \"37\"]', '[\"Beyaz\", \"Siyah\", \"Lacivert\", \"Gri\", \"Haki\"]', '[[\"image-placeholder.jpg\", \"image-placeholder.jpg\", \"image-placeholder.jpg\", \"image-placeholder.jpg\", \"image-placeholder.jpg\"], [\"image-placeholder.jpg\", \"image-placeholder.jpg\", \"image-placeholder.jpg\", \"image-placeholder.jpg\", \"image-placeholder.jpg\"], [\"image-placeholder.jpg\", \"image-placeholder.jpg\", \"image-placeholder.jpg\", \"image-placeholder.jpg\", \"image-placeholder.jpg\"], [\"image-placeholder.jpg\", \"image-placeholder.jpg\", \"image-placeholder.jpg\", \"image-placeholder.jpg\", \"image-placeholder.jpg\"], [\"image-placeholder.jpg\", \"image-placeholder.jpg\", \"image-placeholder.jpg\", \"image-placeholder.jpg\", \"image-placeholder.jpg\"]]', 387, 0, 244, 'F', 4, 8, 20, 1),
(279, 'cover-placeholder.jpg', 'urun-pantolon-73', 'url-pantolon-73', '[\"\", \"\"]', '[\"125\", \"72\", \"62\", \"41\"]', '[\"Beyaz\"]', '[[\"image-placeholder.jpg\", \"image-placeholder.jpg\", \"image-placeholder.jpg\", \"image-placeholder.jpg\", \"image-placeholder.jpg\"]]', 309, 0, 300, 'F', 2, 8, 20, 2),
(280, 'cover-placeholder.jpg', 'urun-pantolon-74', 'url-pantolon-74', '[\"\", \"\"]', '[\"37\", \"71\", \"110\", \"60\"]', '[\"Beyaz\", \"Siyah\", \"Lacivert\", \"Gri\", \"Haki\"]', '[[\"image-placeholder.jpg\", \"image-placeholder.jpg\", \"image-placeholder.jpg\", \"image-placeholder.jpg\", \"image-placeholder.jpg\"], [\"image-placeholder.jpg\", \"image-placeholder.jpg\", \"image-placeholder.jpg\", \"image-placeholder.jpg\", \"image-placeholder.jpg\"], [\"image-placeholder.jpg\", \"image-placeholder.jpg\", \"image-placeholder.jpg\", \"image-placeholder.jpg\", \"image-placeholder.jpg\"], [\"image-placeholder.jpg\", \"image-placeholder.jpg\", \"image-placeholder.jpg\", \"image-placeholder.jpg\", \"image-placeholder.jpg\"], [\"image-placeholder.jpg\", \"image-placeholder.jpg\", \"image-placeholder.jpg\", \"image-placeholder.jpg\", \"image-placeholder.jpg\"]]', 247, 0, 278, 'M', 3, 8, 20, 1),
(281, 'cover-placeholder.jpg', 'urun-pantolon-75', 'url-pantolon-75', '[\"\", \"\"]', '[\"36\", \"47\", \"70\", \"56\"]', '[\"Beyaz\", \"Siyah\", \"Lacivert\", \"Gri\"]', '[[\"image-placeholder.jpg\", \"image-placeholder.jpg\", \"image-placeholder.jpg\", \"image-placeholder.jpg\", \"image-placeholder.jpg\"], [\"image-placeholder.jpg\", \"image-placeholder.jpg\", \"image-placeholder.jpg\", \"image-placeholder.jpg\", \"image-placeholder.jpg\"], [\"image-placeholder.jpg\", \"image-placeholder.jpg\", \"image-placeholder.jpg\", \"image-placeholder.jpg\", \"image-placeholder.jpg\"], [\"image-placeholder.jpg\", \"image-placeholder.jpg\", \"image-placeholder.jpg\", \"image-placeholder.jpg\", \"image-placeholder.jpg\"]]', 318, 0, 209, 'F', 2, 9, 20, 2),
(282, 'cover-placeholder.jpg', 'urun-pantolon-76', 'url-pantolon-76', '[\"\", \"\"]', '[\"75\", \"56\", \"120\", \"104\"]', '[\"Beyaz\", \"Siyah\", \"Lacivert\", \"Gri\", \"Haki\"]', '[[\"image-placeholder.jpg\", \"image-placeholder.jpg\", \"image-placeholder.jpg\", \"image-placeholder.jpg\", \"image-placeholder.jpg\"], [\"image-placeholder.jpg\", \"image-placeholder.jpg\", \"image-placeholder.jpg\", \"image-placeholder.jpg\", \"image-placeholder.jpg\"], [\"image-placeholder.jpg\", \"image-placeholder.jpg\", \"image-placeholder.jpg\", \"image-placeholder.jpg\", \"image-placeholder.jpg\"], [\"image-placeholder.jpg\", \"image-placeholder.jpg\", \"image-placeholder.jpg\", \"image-placeholder.jpg\", \"image-placeholder.jpg\"], [\"image-placeholder.jpg\", \"image-placeholder.jpg\", \"image-placeholder.jpg\", \"image-placeholder.jpg\", \"image-placeholder.jpg\"]]', 219, 0, 355, 'F', 3, 10, 20, 1),
(283, 'cover-placeholder.jpg', 'urun-pantolon-77', 'url-pantolon-77', '[\"\", \"\"]', '[\"51\", \"138\", \"10\", \"104\"]', '[\"Beyaz\", \"Siyah\"]', '[[\"image-placeholder.jpg\", \"image-placeholder.jpg\", \"image-placeholder.jpg\", \"image-placeholder.jpg\", \"image-placeholder.jpg\"], [\"image-placeholder.jpg\", \"image-placeholder.jpg\", \"image-placeholder.jpg\", \"image-placeholder.jpg\", \"image-placeholder.jpg\"]]', 286, 0, 303, 'M', 4, 10, 20, 2),
(284, 'cover-placeholder.jpg', 'urun-pantolon-78', 'url-pantolon-78', '[\"\", \"\"]', '[\"22\", \"27\", \"25\", \"7\"]', '[\"Beyaz\"]', '[[\"image-placeholder.jpg\", \"image-placeholder.jpg\", \"image-placeholder.jpg\", \"image-placeholder.jpg\", \"image-placeholder.jpg\"]]', 342, 0, 81, 'M', 4, 8, 20, 3),
(285, 'cover-placeholder.jpg', 'urun-pantolon-79', 'url-pantolon-79', '[\"\", \"\"]', '[\"94\", \"106\", \"109\", \"20\"]', '[\"Beyaz\"]', '[[\"image-placeholder.jpg\", \"image-placeholder.jpg\", \"image-placeholder.jpg\", \"image-placeholder.jpg\", \"image-placeholder.jpg\"]]', 339, 0, 329, 'M', 4, 8, 20, 1),
(286, 'cover-placeholder.jpg', 'urun-pantolon-80', 'url-pantolon-80', '[\"\", \"\"]', '[\"131\", \"92\", \"104\", \"89\"]', '[\"Beyaz\"]', '[[\"image-placeholder.jpg\", \"image-placeholder.jpg\", \"image-placeholder.jpg\", \"image-placeholder.jpg\", \"image-placeholder.jpg\"]]', 392, 0, 416, 'M', 1, 8, 20, 1),
(287, 'cover-placeholder.jpg', 'urun-pantolon-81', 'url-pantolon-81', '[\"\", \"\"]', '[\"113\", \"44\", \"80\", \"26\"]', '[\"Beyaz\", \"Siyah\"]', '[[\"image-placeholder.jpg\", \"image-placeholder.jpg\", \"image-placeholder.jpg\", \"image-placeholder.jpg\", \"image-placeholder.jpg\"], [\"image-placeholder.jpg\", \"image-placeholder.jpg\", \"image-placeholder.jpg\", \"image-placeholder.jpg\", \"image-placeholder.jpg\"]]', 364, 0, 263, 'M', 1, 10, 20, 2),
(288, 'cover-placeholder.jpg', 'urun-pantolon-82', 'url-pantolon-82', '[\"\", \"\"]', '[\"78\", \"89\", \"66\", \"150\"]', '[\"Beyaz\", \"Siyah\", \"Lacivert\", \"Gri\", \"Haki\"]', '[[\"image-placeholder.jpg\", \"image-placeholder.jpg\", \"image-placeholder.jpg\", \"image-placeholder.jpg\", \"image-placeholder.jpg\"], [\"image-placeholder.jpg\", \"image-placeholder.jpg\", \"image-placeholder.jpg\", \"image-placeholder.jpg\", \"image-placeholder.jpg\"], [\"image-placeholder.jpg\", \"image-placeholder.jpg\", \"image-placeholder.jpg\", \"image-placeholder.jpg\", \"image-placeholder.jpg\"], [\"image-placeholder.jpg\", \"image-placeholder.jpg\", \"image-placeholder.jpg\", \"image-placeholder.jpg\", \"image-placeholder.jpg\"], [\"image-placeholder.jpg\", \"image-placeholder.jpg\", \"image-placeholder.jpg\", \"image-placeholder.jpg\", \"image-placeholder.jpg\"]]', 360, 0, 383, 'M', 4, 11, 20, 1),
(289, 'cover-placeholder.jpg', 'urun-pantolon-83', 'url-pantolon-83', '[\"\", \"\"]', '[\"81\", \"43\", \"28\", \"51\"]', '[\"Beyaz\", \"Siyah\", \"Lacivert\"]', '[[\"image-placeholder.jpg\", \"image-placeholder.jpg\", \"image-placeholder.jpg\", \"image-placeholder.jpg\", \"image-placeholder.jpg\"], [\"image-placeholder.jpg\", \"image-placeholder.jpg\", \"image-placeholder.jpg\", \"image-placeholder.jpg\", \"image-placeholder.jpg\"], [\"image-placeholder.jpg\", \"image-placeholder.jpg\", \"image-placeholder.jpg\", \"image-placeholder.jpg\", \"image-placeholder.jpg\"]]', 242, 0, 203, 'F', 2, 9, 20, 3),
(290, 'cover-placeholder.jpg', 'urun-pantolon-84', 'url-pantolon-84', '[\"\", \"\"]', '[\"64\", \"88\", \"124\", \"2\"]', '[\"Beyaz\", \"Siyah\"]', '[[\"image-placeholder.jpg\", \"image-placeholder.jpg\", \"image-placeholder.jpg\", \"image-placeholder.jpg\", \"image-placeholder.jpg\"], [\"image-placeholder.jpg\", \"image-placeholder.jpg\", \"image-placeholder.jpg\", \"image-placeholder.jpg\", \"image-placeholder.jpg\"]]', 297, 0, 278, 'M', 2, 8, 20, 2),
(291, 'cover-placeholder.jpg', 'urun-pantolon-85', 'url-pantolon-85', '[\"\", \"\"]', '[\"81\", \"138\", \"21\", \"7\"]', '[\"Beyaz\", \"Siyah\"]', '[[\"image-placeholder.jpg\", \"image-placeholder.jpg\", \"image-placeholder.jpg\", \"image-placeholder.jpg\", \"image-placeholder.jpg\"], [\"image-placeholder.jpg\", \"image-placeholder.jpg\", \"image-placeholder.jpg\", \"image-placeholder.jpg\", \"image-placeholder.jpg\"]]', 289, 0, 247, 'F', 1, 8, 20, 3),
(292, 'cover-placeholder.jpg', 'urun-pantolon-86', 'url-pantolon-86', '[\"\", \"\"]', '[\"100\", \"126\", \"56\", \"139\"]', '[\"Beyaz\", \"Siyah\", \"Lacivert\", \"Gri\"]', '[[\"image-placeholder.jpg\", \"image-placeholder.jpg\", \"image-placeholder.jpg\", \"image-placeholder.jpg\", \"image-placeholder.jpg\"], [\"image-placeholder.jpg\", \"image-placeholder.jpg\", \"image-placeholder.jpg\", \"image-placeholder.jpg\", \"image-placeholder.jpg\"], [\"image-placeholder.jpg\", \"image-placeholder.jpg\", \"image-placeholder.jpg\", \"image-placeholder.jpg\", \"image-placeholder.jpg\"], [\"image-placeholder.jpg\", \"image-placeholder.jpg\", \"image-placeholder.jpg\", \"image-placeholder.jpg\", \"image-placeholder.jpg\"]]', 200, 0, 421, 'M', 3, 9, 20, 3),
(293, 'cover-placeholder.jpg', 'urun-pantolon-87', 'url-pantolon-87', '[\"\", \"\"]', '[\"138\", \"98\", \"115\", \"22\"]', '[\"Beyaz\"]', '[[\"image-placeholder.jpg\", \"image-placeholder.jpg\", \"image-placeholder.jpg\", \"image-placeholder.jpg\", \"image-placeholder.jpg\"]]', 307, 0, 373, 'F', 4, 11, 20, 2),
(294, 'cover-placeholder.jpg', 'urun-pantolon-88', 'url-pantolon-88', '[\"\", \"\"]', '[\"22\", \"44\", \"42\", \"138\"]', '[\"Beyaz\", \"Siyah\", \"Lacivert\", \"Gri\"]', '[[\"image-placeholder.jpg\", \"image-placeholder.jpg\", \"image-placeholder.jpg\", \"image-placeholder.jpg\", \"image-placeholder.jpg\"], [\"image-placeholder.jpg\", \"image-placeholder.jpg\", \"image-placeholder.jpg\", \"image-placeholder.jpg\", \"image-placeholder.jpg\"], [\"image-placeholder.jpg\", \"image-placeholder.jpg\", \"image-placeholder.jpg\", \"image-placeholder.jpg\", \"image-placeholder.jpg\"], [\"image-placeholder.jpg\", \"image-placeholder.jpg\", \"image-placeholder.jpg\", \"image-placeholder.jpg\", \"image-placeholder.jpg\"]]', 320, 0, 246, 'M', 4, 9, 20, 3),
(295, 'cover-placeholder.jpg', 'urun-pantolon-89', 'url-pantolon-89', '[\"\", \"\"]', '[\"70\", \"22\", \"57\", \"109\"]', '[\"Beyaz\"]', '[[\"image-placeholder.jpg\", \"image-placeholder.jpg\", \"image-placeholder.jpg\", \"image-placeholder.jpg\", \"image-placeholder.jpg\"]]', 319, 0, 258, 'F', 4, 10, 20, 2),
(296, 'cover-placeholder.jpg', 'urun-pantolon-90', 'url-pantolon-90', '[\"\", \"\"]', '[\"114\", \"14\", \"124\", \"21\"]', '[\"Beyaz\"]', '[[\"image-placeholder.jpg\", \"image-placeholder.jpg\", \"image-placeholder.jpg\", \"image-placeholder.jpg\", \"image-placeholder.jpg\"]]', 358, 0, 273, 'M', 2, 9, 20, 3),
(297, 'cover-placeholder.jpg', 'urun-pantolon-91', 'url-pantolon-91', '[\"\", \"\"]', '[\"98\", \"26\", \"14\", \"41\"]', '[\"Beyaz\", \"Siyah\", \"Lacivert\"]', '[[\"image-placeholder.jpg\", \"image-placeholder.jpg\", \"image-placeholder.jpg\", \"image-placeholder.jpg\", \"image-placeholder.jpg\"], [\"image-placeholder.jpg\", \"image-placeholder.jpg\", \"image-placeholder.jpg\", \"image-placeholder.jpg\", \"image-placeholder.jpg\"], [\"image-placeholder.jpg\", \"image-placeholder.jpg\", \"image-placeholder.jpg\", \"image-placeholder.jpg\", \"image-placeholder.jpg\"]]', 221, 0, 179, 'F', 3, 9, 20, 3),
(298, 'cover-placeholder.jpg', 'urun-pantolon-92', 'url-pantolon-92', '[\"\", \"\"]', '[\"122\", \"79\", \"103\", \"97\"]', '[\"Beyaz\", \"Siyah\"]', '[[\"image-placeholder.jpg\", \"image-placeholder.jpg\", \"image-placeholder.jpg\", \"image-placeholder.jpg\", \"image-placeholder.jpg\"], [\"image-placeholder.jpg\", \"image-placeholder.jpg\", \"image-placeholder.jpg\", \"image-placeholder.jpg\", \"image-placeholder.jpg\"]]', 208, 0, 401, 'M', 2, 10, 20, 1),
(299, 'cover-placeholder.jpg', 'urun-pantolon-93', 'url-pantolon-93', '[\"\", \"\"]', '[\"119\", \"53\", \"150\", \"145\"]', '[\"Beyaz\", \"Siyah\", \"Lacivert\", \"Gri\"]', '[[\"image-placeholder.jpg\", \"image-placeholder.jpg\", \"image-placeholder.jpg\", \"image-placeholder.jpg\", \"image-placeholder.jpg\"], [\"image-placeholder.jpg\", \"image-placeholder.jpg\", \"image-placeholder.jpg\", \"image-placeholder.jpg\", \"image-placeholder.jpg\"], [\"image-placeholder.jpg\", \"image-placeholder.jpg\", \"image-placeholder.jpg\", \"image-placeholder.jpg\", \"image-placeholder.jpg\"], [\"image-placeholder.jpg\", \"image-placeholder.jpg\", \"image-placeholder.jpg\", \"image-placeholder.jpg\", \"image-placeholder.jpg\"]]', 242, 0, 467, 'F', 2, 10, 20, 2),
(300, 'cover-placeholder.jpg', 'urun-pantolon-94', 'url-pantolon-94', '[\"\", \"\"]', '[\"66\", \"54\", \"1\", \"114\"]', '[\"Beyaz\", \"Siyah\", \"Lacivert\"]', '[[\"image-placeholder.jpg\", \"image-placeholder.jpg\", \"image-placeholder.jpg\", \"image-placeholder.jpg\", \"image-placeholder.jpg\"], [\"image-placeholder.jpg\", \"image-placeholder.jpg\", \"image-placeholder.jpg\", \"image-placeholder.jpg\", \"image-placeholder.jpg\"], [\"image-placeholder.jpg\", \"image-placeholder.jpg\", \"image-placeholder.jpg\", \"image-placeholder.jpg\", \"image-placeholder.jpg\"]]', 300, 0, 235, 'F', 2, 8, 20, 3),
(301, 'cover-placeholder.jpg', 'urun-pantolon-95', 'url-pantolon-95', '[\"\", \"\"]', '[\"31\", \"64\", \"91\", \"66\"]', '[\"Beyaz\", \"Siyah\", \"Lacivert\"]', '[[\"image-placeholder.jpg\", \"image-placeholder.jpg\", \"image-placeholder.jpg\", \"image-placeholder.jpg\", \"image-placeholder.jpg\"], [\"image-placeholder.jpg\", \"image-placeholder.jpg\", \"image-placeholder.jpg\", \"image-placeholder.jpg\", \"image-placeholder.jpg\"], [\"image-placeholder.jpg\", \"image-placeholder.jpg\", \"image-placeholder.jpg\", \"image-placeholder.jpg\", \"image-placeholder.jpg\"]]', 292, 0, 252, 'M', 1, 8, 20, 2),
(302, 'cover-placeholder.jpg', 'urun-pantolon-96', 'url-pantolon-96', '[\"\", \"\"]', '[\"68\", \"41\", \"126\", \"51\"]', '[\"Beyaz\", \"Siyah\"]', '[[\"image-placeholder.jpg\", \"image-placeholder.jpg\", \"image-placeholder.jpg\", \"image-placeholder.jpg\", \"image-placeholder.jpg\"], [\"image-placeholder.jpg\", \"image-placeholder.jpg\", \"image-placeholder.jpg\", \"image-placeholder.jpg\", \"image-placeholder.jpg\"]]', 247, 0, 286, 'F', 2, 11, 20, 2),
(303, 'cover-placeholder.jpg', 'urun-pantolon-97', 'url-pantolon-97', '[\"\", \"\"]', '[\"103\", \"61\", \"20\", \"21\"]', '[\"Beyaz\"]', '[[\"image-placeholder.jpg\", \"image-placeholder.jpg\", \"image-placeholder.jpg\", \"image-placeholder.jpg\", \"image-placeholder.jpg\"]]', 375, 0, 205, 'M', 3, 10, 20, 2),
(304, 'cover-placeholder.jpg', 'urun-pantolon-98', 'url-pantolon-98', '[\"\", \"\"]', '[\"145\", \"145\", \"53\", \"47\"]', '[\"Beyaz\", \"Siyah\"]', '[[\"image-placeholder.jpg\", \"image-placeholder.jpg\", \"image-placeholder.jpg\", \"image-placeholder.jpg\", \"image-placeholder.jpg\"], [\"image-placeholder.jpg\", \"image-placeholder.jpg\", \"image-placeholder.jpg\", \"image-placeholder.jpg\", \"image-placeholder.jpg\"]]', 312, 0, 390, 'F', 1, 11, 20, 3),
(305, 'cover-placeholder.jpg', 'urun-pantolon-99', 'url-pantolon-99', '[\"\", \"\"]', '[\"79\", \"132\", \"14\", \"117\"]', '[\"Beyaz\", \"Siyah\", \"Lacivert\", \"Gri\", \"Haki\"]', '[[\"image-placeholder.jpg\", \"image-placeholder.jpg\", \"image-placeholder.jpg\", \"image-placeholder.jpg\", \"image-placeholder.jpg\"], [\"image-placeholder.jpg\", \"image-placeholder.jpg\", \"image-placeholder.jpg\", \"image-placeholder.jpg\", \"image-placeholder.jpg\"], [\"image-placeholder.jpg\", \"image-placeholder.jpg\", \"image-placeholder.jpg\", \"image-placeholder.jpg\", \"image-placeholder.jpg\"], [\"image-placeholder.jpg\", \"image-placeholder.jpg\", \"image-placeholder.jpg\", \"image-placeholder.jpg\", \"image-placeholder.jpg\"], [\"image-placeholder.jpg\", \"image-placeholder.jpg\", \"image-placeholder.jpg\", \"image-placeholder.jpg\", \"image-placeholder.jpg\"]]', 371, 0, 342, 'F', 4, 11, 20, 2);

-- --------------------------------------------------------

--
-- Tablo için tablo yapısı `season`
--

CREATE TABLE `season` (
  `SeasonId` int(11) NOT NULL,
  `Name` varchar(40) NOT NULL
) ENGINE=InnoDB DEFAULT CHARSET=utf8;

--
-- Tablo döküm verisi `season`
--

INSERT INTO `season` (`SeasonId`, `Name`) VALUES
(1, 'Yaz'),
(2, 'Kış'),
(3, 'Sonbahar'),
(4, 'İlkbahar'),
(6, 'Yaz/İlkbahar'),
(7, 'Kış/Sonbahar'),
(8, '4 Mevsim');

-- --------------------------------------------------------

--
-- Tablo için tablo yapısı `style`
--

CREATE TABLE `style` (
  `StyleId` int(10) UNSIGNED NOT NULL,
  `Name` varchar(40) NOT NULL
) ENGINE=InnoDB DEFAULT CHARSET=utf8;

--
-- Tablo döküm verisi `style`
--

INSERT INTO `style` (`StyleId`, `Name`) VALUES
(1, 'Resmi'),
(2, 'Spor'),
(3, 'Gündelik');

-- --------------------------------------------------------

--
-- Tablo için tablo yapısı `user`
--

CREATE TABLE `user` (
  `UserId` int(10) UNSIGNED NOT NULL,
  `Name` varchar(40) NOT NULL,
  `Surname` varchar(40) NOT NULL,
  `Email` varchar(60) NOT NULL,
  `Phone` varchar(11) NOT NULL,
  `Birthday` timestamp NOT NULL,
  `Password` varchar(255) CHARACTER SET utf8 COLLATE utf8_general_ci NOT NULL,
  `PasswordResetToken` varchar(255) DEFAULT NULL,
  `CreatedDate` timestamp NOT NULL DEFAULT CURRENT_TIMESTAMP
) ENGINE=InnoDB DEFAULT CHARSET=utf8;

--
-- Tablo döküm verisi `user`
--

INSERT INTO `user` (`UserId`, `Name`, `Surname`, `Email`, `Phone`, `Birthday`, `Password`, `PasswordResetToken`, `CreatedDate`) VALUES
(8, 'selçuk', 'şahin', 'muselcuksahin@gmail.com', '05318886466', '1998-05-17 21:00:00', '2018d31f5007c006c901837ea314dd00659640505fb184efe3e98c08cd873f47', NULL, '2022-06-13 14:53:55');

--
-- Dökümü yapılmış tablolar için indeksler
--

--
-- Tablo için indeksler `age`
--
ALTER TABLE `age`
  ADD PRIMARY KEY (`AgeId`);

--
-- Tablo için indeksler `cart`
--
ALTER TABLE `cart`
  ADD PRIMARY KEY (`Id`);

--
-- Tablo için indeksler `cart_items`
--
ALTER TABLE `cart_items`
  ADD PRIMARY KEY (`Id`);

--
-- Tablo için indeksler `category`
--
ALTER TABLE `category`
  ADD PRIMARY KEY (`CategoryId`);

--
-- Tablo için indeksler `product`
--
ALTER TABLE `product`
  ADD PRIMARY KEY (`ProductId`);

--
-- Tablo için indeksler `season`
--
ALTER TABLE `season`
  ADD PRIMARY KEY (`SeasonId`);

--
-- Tablo için indeksler `style`
--
ALTER TABLE `style`
  ADD PRIMARY KEY (`StyleId`);

--
-- Tablo için indeksler `user`
--
ALTER TABLE `user`
  ADD PRIMARY KEY (`UserId`);

--
-- Dökümü yapılmış tablolar için AUTO_INCREMENT değeri
--

--
-- Tablo için AUTO_INCREMENT değeri `age`
--
ALTER TABLE `age`
  MODIFY `AgeId` int(11) NOT NULL AUTO_INCREMENT, AUTO_INCREMENT=13;

--
-- Tablo için AUTO_INCREMENT değeri `cart`
--
ALTER TABLE `cart`
  MODIFY `Id` int(10) UNSIGNED NOT NULL AUTO_INCREMENT;

--
-- Tablo için AUTO_INCREMENT değeri `cart_items`
--
ALTER TABLE `cart_items`
  MODIFY `Id` int(10) UNSIGNED NOT NULL AUTO_INCREMENT;

--
-- Tablo için AUTO_INCREMENT değeri `category`
--
ALTER TABLE `category`
  MODIFY `CategoryId` int(10) UNSIGNED NOT NULL AUTO_INCREMENT, AUTO_INCREMENT=21;

--
-- Tablo için AUTO_INCREMENT değeri `product`
--
ALTER TABLE `product`
  MODIFY `ProductId` int(10) UNSIGNED NOT NULL AUTO_INCREMENT, AUTO_INCREMENT=306;

--
-- Tablo için AUTO_INCREMENT değeri `season`
--
ALTER TABLE `season`
  MODIFY `SeasonId` int(11) NOT NULL AUTO_INCREMENT, AUTO_INCREMENT=9;

--
-- Tablo için AUTO_INCREMENT değeri `style`
--
ALTER TABLE `style`
  MODIFY `StyleId` int(10) UNSIGNED NOT NULL AUTO_INCREMENT, AUTO_INCREMENT=5;

--
-- Tablo için AUTO_INCREMENT değeri `user`
--
ALTER TABLE `user`
  MODIFY `UserId` int(10) UNSIGNED NOT NULL AUTO_INCREMENT, AUTO_INCREMENT=9;
COMMIT;

/*!40101 SET CHARACTER_SET_CLIENT=@OLD_CHARACTER_SET_CLIENT */;
/*!40101 SET CHARACTER_SET_RESULTS=@OLD_CHARACTER_SET_RESULTS */;
/*!40101 SET COLLATION_CONNECTION=@OLD_COLLATION_CONNECTION */;
